{"attributes": {"name": "Network", "gkey_node": {"0.000,0.000,0.000": 51}, "tol": "3f"}, "dna": {"x": 0.0, "y": 0.0, "z": 0.0, "qx": 0.0, "qy": 0.0, "qz": 0.0, "rx": 0.0, "ry": 0.0, "rz": 0.0, "_k": null, "type": null}, "dea": {"type": null, "length": 0.0, "force": 0.0}, "node": {"0": {"x": 9.194535921326633, "y": 9.194866809405067, "z": -1.473148205877682, "type": "support", "rx": -7.312933235121856, "ry": 6.244655051407282, "rz": -0.9167369119323093, "qx": 0.0, "qy": 0.0, "qz": 0.0}, "1": {"x": 7.785078622478665, "y": 10.398429642267052, "z": -1.6498353832527957, "rx": 0.0, "ry": 0.0, "rz": 0.0, "qx": 0.0, "qy": 0.0, "qz": 0.0}, "2": {"x": 6.23216360981484, "y": 11.414045947403944, "z": -1.6463228785220403, "rx": 0.0, "ry": 0.0, "rz": 0.0, "qx": 0.0, "qy": 0.0, "qz": 0.0}, "3": {"x": 4.544619435395974, "y": 12.185744840685405, "z": -1.330756341218388, "rx": 0.0, "ry": 0.0, "rz": 0.0, "qx": 0.0, "qy": 0.0, "qz": 0.0}, "4": {"x": 2.7621330386088028, "y": 12.694453290134653, "z": -0.8740972615128443, "rx": 0.0, "ry": 0.0, "rz": 0.0, "qx": 0.0, "qy": 0.0, "qz": 0.0}, "5": {"x": 0.9274093444051206, "y": 12.966877492592811, "z": -0.6, "rx": 0.0, "ry": 0.0, "rz": 0.0, "qx": 0.0, "qy": 0.0, "qz": 0.0}, "6": {"x": -0.927409424517329, "y": 12.966877486863075, "z": -0.6, "rx": 0.0, "ry": 0.0, "rz": 0.0, "qx": 0.0, "qy": 0.0, "qz": 0.0}, "7": {"x": -2.7621385723047793, "y": 12.694491392230002, "z": -0.8735745413672215, "rx": 0.0, "ry": 0.0, "rz": 0.0, "qx": 0.0, "qy": 0.0, "qz": 0.0}, "8": {"x": -4.544703518393725, "y": 12.18603072400994, "z": -1.3303384888258234, "rx": 0.0, "ry": 0.0, "rz": 0.0, "qx": 0.0, "qy": 0.0, "qz": 0.0}, "9": {"x": -6.232463123125241, "y": 11.414701655125175, "z": -1.6465561510687063, "rx": 0.0, "ry": 0.0, "rz": 0.0, "qx": 0.0, "qy": 0.0, "qz": 0.0}, "10": {"x": -7.785660220183753, "y": 10.399334573379527, "z": -1.651041831280714, "rx": 0.0, "ry": 0.0, "rz": 0.0, "qx": 0.0, "qy": 0.0, "qz": 0.0}, "11": {"x": -9.195476446313693, "y": 9.195952233092921, "z": -1.4754569593101858, "type": "support", "rx": 7.313553666181471, "ry": 6.242658556130117, "rz": -0.9108629623671973, "qx": 0.0, "qy": 0.0, "qz": 0.0}, "12": {"x": 8.989165007755231, "y": 12.008118606315852, "z": 0.0, "rx": 0.0, "ry": 0.0, "rz": 0.0, "qx": -0.0, "qy": -0.0, "qz": -0.6250000000000001}, "13": {"x": 7.188734793227808, "y": 13.165184847644028, "z": 0.0, "rx": 0.0, "ry": 0.0, "rz": 0.0, "qx": -0.0, "qy": -0.0, "qz": -0.6250000000000002}, "14": {"x": 5.241962676028763, "y": 14.054245881694307, "z": 0.0, "rx": 0.0, "ry": 0.0, "rz": 0.0, "qx": -0.0, "qy": -0.0, "qz": -0.625}, "15": {"x": 3.188479409314756, "y": 14.657202975205596, "z": 0.0, "rx": 0.0, "ry": 0.0, "rz": 0.0, "qx": -0.0, "qy": -0.0, "qz": -0.625}, "16": {"x": 1.0700877050828306, "y": 14.961781722222474, "z": 0.0, "rx": 0.0, "ry": 0.0, "rz": 0.0, "qx": -0.0, "qy": -0.0, "qz": -0.6250000000000001}, "17": {"x": -1.070087797519994, "y": 14.96178171561124, "z": 0.0, "rx": 0.0, "ry": 0.0, "rz": 0.0, "qx": -0.0, "qy": -0.0, "qz": -0.6249999999999998}, "18": {"x": -3.18847947139583, "y": 14.657202961700683, "z": 0.0, "rx": 0.0, "ry": 0.0, "rz": 0.0, "qx": -0.0, "qy": -0.0, "qz": -0.6250000000000003}, "19": {"x": -5.241962821657837, "y": 14.05424582737747, "z": 0.0, "rx": 0.0, "ry": 0.0, "rz": 0.0, "qx": -0.0, "qy": -0.0, "qz": -0.6249999999999999}, "20": {"x": -7.188734850104505, "y": 13.165184816587002, "z": 0.0, "rx": 0.0, "ry": 0.0, "rz": 0.0, "qx": -0.0, "qy": -0.0, "qz": -0.6249999999999998}, "21": {"x": -8.989165034108499, "y": 12.008118586588042, "z": 0.0, "rx": 0.0, "ry": 0.0, "rz": 0.0, "qx": -0.0, "qy": -0.0, "qz": -0.6249999999999999}, "22": {"x": 7.4909708397960255, "y": 10.00676550526321, "z": 0.0, "rx": 0.0, "ry": 0.0, "rz": 0.0, "qx": -0.0, "qy": -0.0, "qz": -0.6250000000000001}, "23": {"x": 5.99061232768984, "y": 10.970987373036689, "z": 0.0, "rx": 0.0, "ry": 0.0, "rz": 0.0, "qx": -0.0, "qy": -0.0, "qz": -0.6250000000000002}, "24": {"x": 4.36830223002397, "y": 11.711871568078589, "z": 0.0, "rx": 0.0, "ry": 0.0, "rz": 0.0, "qx": -0.0, "qy": -0.0, "qz": -0.625}, "25": {"x": 2.657066174428964, "y": 12.21433581267133, "z": 0.0, "rx": 0.0, "ry": 0.0, "rz": 0.0, "qx": -0.0, "qy": -0.0, "qz": -0.625}, "26": {"x": 0.8917397542356931, "y": 12.468151435185394, "z": 0.0, "rx": 0.0, "ry": 0.0, "rz": 0.0, "qx": -0.0, "qy": -0.0, "qz": -0.6250000000000001}, "27": {"x": -0.8917398312666627, "y": 12.468151429676034, "z": 0.0, "rx": 0.0, "ry": 0.0, "rz": 0.0, "qx": -0.0, "qy": -0.0, "qz": -0.6249999999999998}, "28": {"x": -2.6570662261631903, "y": 12.214335801417235, "z": 0.0, "rx": 0.0, "ry": 0.0, "rz": 0.0, "qx": -0.0, "qy": -0.0, "qz": -0.6250000000000003}, "29": {"x": -4.36830235138153, "y": 11.711871522814558, "z": 0.0, "rx": 0.0, "ry": 0.0, "rz": 0.0, "qx": -0.0, "qy": -0.0, "qz": -0.6249999999999999}, "30": {"x": -5.990612375087085, "y": 10.970987347155837, "z": 0.0, "rx": 0.0, "ry": 0.0, "rz": 0.0, "qx": -0.0, "qy": -0.0, "qz": -0.6249999999999998}, "31": {"x": -7.4909708617570825, "y": 10.006765488823369, "z": 0.0, "rx": 0.0, "ry": 0.0, "rz": 0.0, "qx": -0.0, "qy": -0.0, "qz": -0.6249999999999999}, "32": {"x": 9.09194174608291, "y": 11.903497840357927, "z": -0.47800777963240426, "type": "support", "rx": 0.00019629320823510318, "ry": -0.0001998151150936509, "rz": -0.0009129466662605168, "qx": 0.0, "qy": 0.0, "qz": 0.0}, "33": {"x": 7.066710785840153, "y": 13.12215042936529, "z": 0.4829680946651324, "type": "support", "rx": -0.0001770594405049287, "ry": -6.244385990931918e-05, "rz": 0.0007007970189953916, "qx": 0.0, "qy": 0.0, "qz": 0.0}, "34": {"x": 5.182172770925598, "y": 14.017041201751955, "z": 0.4950161401794305, "type": "support", "rx": -0.00026109720913913576, "ry": -0.00016246953533546914, "rz": 0.002161691550716882, "qx": 0.0, "qy": 0.0, "qz": 0.0}, "35": {"x": 3.4442042576068514, "y": 14.229078565400757, "z": -0.0362531611758556, "type": "support", "rx": 0.0003269273875672423, "ry": -0.0005473288801852815, "rz": -4.6347280498681975e-05, "qx": 0.0, "qy": 0.0, "qz": 0.0}, "36": {"x": 1.0454366273156075, "y": 14.617114604734319, "z": 0.36138193436767185, "type": "support", "rx": -6.66190040596056e-05, "ry": -0.0009314554242202828, "rz": 0.0009766268550220891, "qx": 0.0, "qy": 0.0, "qz": 0.0}, "37": {"x": -1.0764483803452598, "y": 15.050714279869881, "z": 0.49198632298114314, "type": "support", "rx": -2.0259801282858828e-05, "ry": 0.0002832690225018583, "rz": 0.001567080472231086, "qx": 0.0, "qy": 0.0, "qz": 0.0}, "38": {"x": -3.6871080611562443, "y": 14.63794123841555, "z": -0.03159929571410619, "type": "support", "rx": -0.0004405319018646669, "ry": -1.701748308509119e-05, "rz": -2.7917568555801964e-05, "qx": 0.0, "qy": 0.0, "qz": 0.0}, "39": {"x": -5.231791351804456, "y": 14.142705704320504, "z": 0.4920075114998197, "type": "support", "rx": 4.974411664713845e-05, "ry": 0.00043261775344917197, "rz": 0.0024061890165441024, "qx": 0.0, "qy": 0.0, "qz": 0.0}, "40": {"x": -7.25303968615149, "y": 13.50017434009402, "z": 0.36557749821551055, "type": "support", "rx": -8.956628373605622e-05, "ry": 0.00046658647398017424, "rz": 0.0005091905981808864, "qx": 0.0, "qy": 0.0, "qz": 0.0}, "41": {"x": -9.178953628700276, "y": 12.10296888331589, "z": -0.45275126788725556, "type": "support", "rx": -0.000494362605916981, "ry": 0.00024706668998333083, "rz": -0.0011793295435186257, "qx": 0.0, "qy": 0.0, "qz": 0.0}, "42": {"x": 7.344284201652187, "y": 9.811044965093728, "z": 0.4360923071390101, "type": "support", "rx": -0.7352468368557445, "ry": -0.9810226063412895, "rz": 2.1858534182688953, "qx": 0.0, "qy": 0.0, "qz": 0.0}, "43": {"x": 5.882880439597908, "y": 10.773544725174629, "z": 0.4465537381921308, "type": "support", "rx": -0.6912701787191021, "ry": -1.2669063625610022, "rz": 2.865347371841657, "qx": 0.0, "qy": 0.0, "qz": 0.0}, "44": {"x": 4.265271197275886, "y": 11.435396131043191, "z": 0.40366562772540965, "type": "support", "rx": -0.505945797593326, "ry": -1.3576645965284644, "rz": 1.982246732204496, "qx": 0.0,