{"attributes": {"name": "Network", "gkey_node": {"0.000,0.000,0.000": 51}, "tol": "3f"}, "dna": {"x": 0.0, "y": 0.0, "z": 0.0, "qx": 0.0, "qy": 0.0, "qz": 0.0, "rx": 0.0, "ry": 0.0, "rz": 0.0, "_k": null, "type": null}, "dea": {"type": null, "length": 0.0, "force": 0.0}, "node": {"0": {"x": 9.242278174695956, "y": 9.249964306875393, "z": -2.2935210094992815, "type": "support", "rx": -8.73946597506132, "ry": 6.4415006240744725, "rz": 3.6292443947188, "qx": 0.0, "qy": 0.0, "qz": 0.0}, "1": {"x": 7.752623047507628, "y": 10.347927781854427, "z": -1.674910840887185, "rx": 0.0, "ry": 0.0, "rz": 0.0, "qx": 0.0, "qy": 0.0, "qz": 0.0}, "2": {"x": 6.191362254656036, "y": 11.324703441631044, "z": -1.216314354488727, "rx": 0.0, "ry": 0.0, "rz": 0.0, "qx": 0.0, "qy": 0.0, "qz": 0.0}, "3": {"x": 4.5269978602146255, "y": 12.125731267319317, "z": -0.8966461977401935, "rx": 0.0, "ry": 0.0, "rz": 0.0, "qx": 0.0, "qy": 0.0, "qz": 0.0}, "4": {"x": 2.761022019006976, "y": 12.6867259791164, "z": -0.6963664468988733, "rx": 0.0, "ry": 0.0, "rz": 0.0, "qx": 0.0, "qy": 0.0, "qz": 0.0}, "5": {"x": 0.9274093444051206, "y": 12.966877492592811, "z": -0.6, "rx": 0.0, "ry": 0.0, "rz": 0.0, "qx": 0.0, "qy": 0.0, "qz": 0.0}, "6": {"x": -0.927409424517329, "y": 12.966877486863075, "z": -0.6, "rx": 0.0, "ry": 0.0, "rz": 0.0, "qx": 0.0, "qy": 0.0, "qz": 0.0}, "7": {"x": -2.761021355696771, "y": 12.686720980374501, "z": -0.6963648420091955, "rx": 0.0, "ry": 0.0, "rz": 0.0, "qx": 0.0, "qy": 0.0, "qz": 0.0}, "8": {"x": -4.526995096962453, "y": 12.125721381108876, "z": -0.8966401085402358, "rx": 0.0, "ry": 0.0, "rz": 0.0, "qx": 0.0, "qy": 0.0, "qz": 0.0}, "9": {"x": -6.191354397935471, "y": 11.324686104613752, "z": -1.2162963808169849, "rx": 0.0, "ry": 0.0, "rz": 0.0, "qx": 0.0, "qy": 0.0, "qz": 0.0}, "10": {"x": -7.752606526168621, "y": 10.347902021936271, "z": -1.6748765013880251, "rx": 0.0, "ry": 0.0, "rz": 0.0, "qx": 0.0, "qy": 0.0, "qz": 0.0}, "11": {"x": -9.242247807500702, "y": 9.249929261136323, "z": -2.2934663330680007, "type": "support", "rx": 8.73943400851612, "ry": 6.441591412919682, "rz": 3.629145539973172, "qx": 0.0, "qy": 0.0, "qz": 0.0}, "12": {"x": 8.989165007755231, "y": 12.008118606315852, "z": 0.0, "rx": 0.0, "ry": 0.0, "rz": 0.0, "qx": -0.0, "qy": -0.0, "qz": -0.6250000000000001}, "13": {"x": 7.188734793227808, "y": 13.165184847644028, "z": 0.0, "rx": 0.0, "ry": 0.0, "rz": 0.0, "qx": -0.0, "qy": -0.0, "qz": -0.6250000000000002}, "14": {"x": 5.241962676028763, "y": 14.054245881694307, "z": 0.0, "rx": 0.0, "ry": 0.0, "rz": 0.0, "qx": -0.0, "qy": -0.0, "qz": -0.625}, "15": {"x": 3.188479409314756, "y": 14.657202975205596, "z": 0.0, "rx": 0.0, "ry": 0.0, "rz": 0.0, "qx": -0.0, "qy": -0.0, "qz": -0.625}, "16": {"x": 1.0700877050828306, "y": 14.961781722222474, "z": 0.0, "rx": 0.0, "ry": 0.0, "rz": 0.0, "qx": -0.0, "qy": -0.0, "qz": -0.6250000000000001}, "17": {"x": -1.070087797519994, "y": 14.96178171561124, "z": 0.0, "rx": 0.0, "ry": 0.0, "rz": 0.0, "qx": -0.0, "qy": -0.0, "qz": -0.6249999999999998}, "18": {"x": -3.18847947139583, "y": 14.657202961700683, "z": 0.0, "rx": 0.0, "ry": 0.0, "rz": 0.0, "qx": -0.0, "qy": -0.0, "qz": -0.6250000000000003}, "19": {"x": -5.241962821657837, "y": 14.05424582737747, "z": 0.0, "rx": 0.0, "ry": 0.0, "rz": 0.0, "qx": -0.0, "qy": -0.0, "qz": -0.6249999999999999}, "20": {"x": -7.188734850104505, "y": 13.165184816587002, "z": 0.0, "rx": 0.0, "ry": 0.0, "rz": 0.0, "qx": -0.0, "qy": -0.0, "qz": -0.6249999999999998}, "21": {"x": -8.989165034108499, "y": 12.008118586588042, "z": 0.0, "rx": 0.0, "ry": 0.0, "rz": 0.0, "qx": -0.0, "qy": -0.0, "qz": -0.6249999999999999}, "22": {"x": 7.4909708397960255, "y": 10.00676550526321, "z": 0.0, "rx": 0.0, "ry": 0.0, "rz": 0.0, "qx": -0.0, "qy": -0.0, "qz": -0.6250000000000001}, "23": {"x": 5.99061232768984, "y": 10.970987373036689, "z": 0.0, "rx": 0.0, "ry": 0.0, "rz": 0.0, "qx": -0.0, "qy": -0.0, "qz": -0.6250000000000002}, "24": {"x": 4.36830223002397, "y": 11.711871568078589, "z": 0.0, "rx": 0.0, "ry": 0.0, "rz": 0.0, "qx": -0.0, "qy": -0.0, "qz": -0.625}, "25": {"x": 2.657066174428964, "y": 12.21433581267133, "z": 0.0, "rx": 0.0, "ry": 0.0, "rz": 0.0, "qx": -0.0, "qy": -0.0, "qz": -0.625}, "26": {"x": 0.8917397542356931, "y": 12.468151435185394, "z": 0.0, "rx": 0.0, "ry": 0.0, "rz": 0.0, "qx": -0.0, "qy": -0.0, "qz": -0.6250000000000001}, "27": {"x": -0.8917398312666627, "y": 12.468151429676034, "z": 0.0, "rx": 0.0, "ry": 0.0, "rz": 0.0, "qx": -0.0, "qy": -0.0, "qz": -0.6249999999999998}, "28": {"x": -2.6570662261631903, "y": 12.214335801417235, "z": 0.0, "rx": 0.0, "ry": 0.0, "rz": 0.0, "qx": -0.0, "qy": -0.0, "qz": -0.6250000000000003}, "29": {"x": -4.36830235138153, "y": 11.711871522814558, "z": 0.0, "rx": 0.0, "ry": 0.0, "rz": 0.0, "qx": -0.0, "qy": -0.0, "qz": -0.6249999999999999}, "30": {"x": -5.990612375087085, "y": 10.970987347155837, "z": 0.0, "rx": 0.0, "ry": 0.0, "rz": 0.0, "qx": -0.0, "qy": -0.0, "qz": -0.6249999999999998}, "31": {"x": -7.4909708617570825, "y": 10.006765488823369, "z": 0.0, "rx": 0.0, "ry": 0.0, "rz": 0.0, "qx": -0.0, "qy": -0.0, "qz": -0.6249999999999999}, "32": {"x": 9.162812313332328, "y": 12.223152740531994, "z": -0.4166616545684623, "type": "support", "rx": 0.03649461626260925, "ry": 0.045192686321851715, "rz": -0.08756776930275278, "qx": 0.0, "qy": 0.0, "qz": 0.0}, "33": {"x": 7.294991560119815, "y": 13.319470301193139, "z": -0.46357900978452715, "type": "support", "rx": 0.021730605964931822, "ry": 0.0315529682980475, "rz": -0.09480669410428488, "qx": 0.0, "qy": 0.0, "qz": 0.0}, "34": {"x": 5.312009611122098, "y": 14.157452605318259, "z": -0.48419190315704286, "type": "support", "rx": 0.0072437420429088155, "ry": 0.010672885002456422, "rz": -0.05007158758711239, "qx": 0.0, "qy": 0.0, "qz": 0.0}, "35": {"x": 3.1763316563433412, "y": 14.539950522412957, "z": 0.48590564352748083, "type": "support", "rx": -0.000917015312199173, "ry": -0.00885120852035575, "rz": 0.036680274652210576, "qx": 0.0, "qy": 0.0, "qz": 0.0}, "36": {"x": 1.0650034332120246, "y": 14.890694309867296, "z": 0.4948946655442838, "type": "support", "rx": -0.0012264407563016384, "ry": -0.01714788311636696, "rz": 0.11937972699394062, "qx": 0.0, "qy": 0.0, "qz": 0.0}, "37": {"x": -1.065007108414038, "y": 14.890744403024016, "z": 0.4949018961557873, "type": "support", "rx": 0.0012255049697473437, "ry": -0.01713479762244925, "rz": 0.11937450228263502, "qx": 0.0, "qy": 0.0, "qz": 0.0}, "38": {"x": -3.176443795427141, "y": 14.540439842776925, "z": 0.4860262508992419, "type": "support", "rx": 0.0009084467136055516, "ry": -0.008813220955148087, "rz": 0.03668501474317554, "qx": 0.0, "qy": 0.0, "qz": 0.0}, "39": {"x": -5.312138054077942, "y": 14.157787624337745, "z": -0.48410177962595974, "type": "support", "rx": -0.007257542248832845, "ry": 0.01070832172611343, "rz": -0.0500659420311943, "qx": 0.0, "qy": 0.0, "qz": 0.0}, "40": {"x": -7.2950125273338156, "y": 13.31949758601356, "z": -0.46356512435109787, "type": "support", "rx": -0.02173342671710113, "ry": 0.03155644113870474, "rz": -0.09479750518964014, "qx": 0.0, "qy": 0.0, "qz": 0.0}, "41": {"x": -9.162787685604808, "y": 12.223109348651022, "z": -0.41669430895438236, "type": "support", "rx": -0.03648316604617793, "ry": 0.045175808589150344, "rz": -0.08755958703005551, "qx": 0.0, "qy": 0.0, "qz": 0.0}, "42": {"x": 7.220513601982921, "y": 9.644956548098216, "z": 0.21435288901641855, "type": "support", "rx": -0.530625694623905, "ry": -0.7098539154256025, "rz": 0.4205513283677656, "qx": 0.0, "qy": 0.0, "qz": 0.0}, "43": {"x": 5.769558101755352, "y": 10.565691979439858, "z": 0.19201737714512904, "type": "support", "rx": -0.5939703151436768, "ry": -1.0890243407168927, "rz": 0.5159486163804667, "qx": 0.0, "qy": 0.0, "qz": 0.0}, "44": {"x": 4.205105045505398, "y": 11.27418220883296, "z": 0.17831069448678893, "type": "support", "rx": -0.5391781721206691, "ry": -1.446057720731513, "rz": 0.5891108636865805, "qx": 0.0, "qy": 0.0, "qz": 0.0}, "45": {"x": 2.557046992073584,