{"attributes": {"name": "Network", "gkey_node": {"0.000,0.000,0.000": 51}, "tol": "3f"}, "dna": {"x": 0.0, "y": 0.0, "z": 0.0, "qx": 0.0, "qy": 0.0, "qz": 0.0, "rx": 0.0, "ry": 0.0, "rz": 0.0, "_k": null, "type": null}, "dea": {"type": null, "length": 0.0, "force": 0.0}, "node": {"0": {"x": 9.24156142614696, "y": 9.2491371349558, "z": -2.7679472783212153, "type": "support", "rx": -7.43526467410322, "ry": 5.474958020019525, "rz": 3.9315916294324698, "qx": 0.0, "qy": 0.0, "qz": 0.0}, "1": {"x": 7.751571434947514, "y": 10.346291440770763, "z": -1.9800759066750602, "rx": 0.0, "ry": 0.0, "rz": 0.0, "qx": 0.0, "qy": 0.0, "qz": 0.0}, "2": {"x": 6.191986122907522, "y": 11.326069522552697, "z": -1.3927114971685353, "rx": 0.0, "ry": 0.0, "rz": 0.0, "qx": 0.0, "qy": 0.0, "qz": 0.0}, "3": {"x": 4.52889441320422, "y": 12.132190333595313, "z": -0.9820258717061007, "rx": 0.0, "ry": 0.0, "rz": 0.0, "qx": 0.0, "qy": 0.0, "qz": 0.0}, "4": {"x": 2.7620704069934217, "y": 12.694017677683862, "z": -0.7247284064214142, "rx": 0.0, "ry": 0.0, "rz": 0.0, "qx": 0.0, "qy": 0.0, "qz": 0.0}, "5": {"x": 0.9274093444051206, "y": 12.966877492592811, "z": -0.6, "rx": 0.0, "ry": 0.0, "rz": 0.0, "qx": 0.0, "qy": 0.0, "qz": 0.0}, "6": {"x": -0.927409424517329, "y": 12.966877486863075, "z": -0.6, "rx": 0.0, "ry": 0.0, "rz": 0.0, "qx": 0.0, "qy": 0.0, "qz": 0.0}, "7": {"x": -2.76207953178156, "y": 12.694080756388852, "z": -0.7247285052261352, "rx": 0.0, "ry": 0.0, "rz": 0.0, "qx": 0.0, "qy": 0.0, "qz": 0.0}, "8": {"x": -4.5289302927853585, "y": 12.132312052610418, "z": -0.9820009640061139, "rx": 0.0, "ry": 0.0, "rz": 0.0, "qx": 0.0, "qy": 0.0, "qz": 0.0}, "9": {"x": -6.1920485671328365, "y": 11.326206123105218, "z": -1.392608128751263, "rx": 0.0, "ry": 0.0, "rz": 0.0, "qx": 0.0, "qy": 0.0, "qz": 0.0}, "10": {"x": -7.7516795628979605, "y": 10.34645963894324, "z": -1.9799349169855984, "rx": 0.0, "ry": 0.0, "rz": 0.0, "qx": 0.0, "qy": 0.0, "qz": 0.0}, "11": {"x": -9.241736849485056, "y": 9.249339584153665, "z": -2.7678131619609436, "type": "support", "rx": 7.435329513456159, "ry": 5.474587585733571, "rz": 3.9314826487597667, "qx": 0.0, "qy": 0.0, "qz": 0.0}, "12": {"x": 8.989165007755231, "y": 12.008118606315852, "z": 0.0, "rx": 0.0, "ry": 0.0, "rz": 0.0, "qx": -0.0, "qy": -0.0, "qz": -0.6250000000000001}, "13": {"x": 7.188734793227808, "y": 13.165184847644028, "z": 0.0, "rx": 0.0, "ry": 0.0, "rz": 0.0, "qx": -0.0, "qy": -0.0, "qz": -0.6250000000000002}, "14": {"x": 5.241962676028763, "y": 14.054245881694307, "z": 0.0, "rx": 0.0, "ry": 0.0, "rz": 0.0, "qx": -0.0, "qy": -0.0, "qz": -0.625}, "15": {"x": 3.188479409314756, "y": 14.657202975205596, "z": 0.0, "rx": 0.0, "ry": 0.0, "rz": 0.0, "qx": -0.0, "qy": -0.0, "qz": -0.625}, "16": {"x": 1.0700877050828306, "y": 14.961781722222474, "z": 0.0, "rx": 0.0, "ry": 0.0, "rz": 0.0, "qx": -0.0, "qy": -0.0, "qz": -0.6250000000000001}, "17": {"x": -1.070087797519994, "y": 14.96178171561124, "z": 0.0, "rx": 0.0, "ry": 0.0, "rz": 0.0, "qx": -0.0, "qy": -0.0, "qz": -0.6249999999999998}, "18": {"x": -3.18847947139583, "y": 14.657202961700683, "z": 0.0, "rx": 0.0, "ry": 0.0, "rz": 0.0, "qx": -0.0, "qy": -0.0, "qz": -0.6250000000000003}, "19": {"x": -5.241962821657837, "y": 14.05424582737747, "z": 0.0, "rx": 0.0, "ry": 0.0, "rz": 0.0, "qx": -0.0, "qy": -0.0, "qz": -0.6249999999999999}, "20": {"x": -7.188734850104505, "y": 13.165184816587002, "z": 0.0, "rx": 0.0, "ry": 0.0, "rz": 0.0, "qx": -0.0, "qy": -0.0, "qz": -0.6249999999999998}, "21": {"x": -8.989165034108499, "y": 12.008118586588042, "z": 0.0, "rx": 0.0, "ry": 0.0, "rz": 0.0, "qx": -0.0, "qy": -0.0, "qz": -0.6249999999999999}, "22": {"x": 7.4909708397960255, "y": 10.00676550526321, "z": 0.0, "rx": 0.0, "ry": 0.0, "rz": 0.0, "qx": -0.0, "qy": -0.0, "qz": -0.6250000000000001}, "23": {"x": 5.99061232768984, "y": 10.970987373036689, "z": 0.0, "rx": 0.0, "ry": 0.0, "rz": 0.0, "qx": -0.0, "qy": -0.0, "qz": -0.6250000000000002}, "24": {"x": 4.36830223002397, "y": 11.711871568078589, "z": 0.0, "rx": 0.0, "ry": 0.0, "rz": 0.0, "qx": -0.0, "qy": -0.0, "qz": -0.625}, "25": {"x": 2.657066174428964, "y": 12.21433581267133, "z": 0.0, "rx": 0.0, "ry": 0.0, "rz": 0.0, "qx": -0.0, "qy": -0.0, "qz": -0.625}, "26": {"x": 0.8917397542356931, "y": 12.468151435185394, "z": 0.0, "rx": 0.0, "ry": 0.0, "rz": 0.0, "qx": -0.0, "qy": -0.0, "qz": -0.6250000000000001}, "27": {"x": -0.8917398312666627, "y": 12.468151429676034, "z": 0.0, "rx": 0.0, "ry": 0.0, "rz": 0.0, "qx": -0.0, "qy": -0.0, "qz": -0.6249999999999998}, "28": {"x": -2.6570662261631903, "y": 12.214335801417235, "z": 0.0, "rx": 0.0, "ry": 0.0, "rz": 0.0, "qx": -0.0, "qy": -0.0, "qz": -0.6250000000000003}, "29": {"x": -4.36830235138153, "y": 11.711871522814558, "z": 0.0, "rx": 0.0, "ry": 0.0, "rz": 0.0, "qx": -0.0, "qy": -0.0, "qz": -0.6249999999999999}, "30": {"x": -5.990612375087085, "y": 10.970987347155837, "z": 0.0, "rx": 0.0, "ry": 0.0, "rz": 0.0, "qx": -0.0, "qy": -0.0, "qz": -0.6249999999999998}, "31": {"x": -7.4909708617570825, "y": 10.006765488823369, "z": 0.0, "rx": 0.0, "ry": 0.0, "rz": 0.0, "qx": -0.0, "qy": -0.0, "qz": -0.6249999999999999}, "32": {"x": 9.179620873673437, "y": 12.247935543006092, "z": -0.3952396741394462, "type": "support", "rx": 0.04009937727107321, "ry": 0.05049206425841952, "rz": -0.08321541964278578, "qx": 0.0, "qy": 0.0, "qz": 0.0}, "33": {"x": 7.301342531631748, "y": 13.334379646688989, "z": -0.4568288708342381, "type": "support", "rx": 0.02128926550756243, "ry": 0.03198743754577366, "rz": -0.08636663217427476, "qx": 0.0, "qy": 0.0, "qz": 0.0}, "34": {"x": 5.2986711443238, "y": 14.108762240916123, "z": -0.4937733449679403, "type": "support", "rx": 0.004003070193243832, "ry": 0.003848328463213438, "rz": -0.034855629483338535, "qx": 0.0, "qy": 0.0, "qz": 0.0}, "35": {"x": 3.158221555404704, "y": 14.501926988377734, "z": 0.4743140628227163, "type": "support", "rx": -0.004332918732923091, "ry": -0.022235490795203174, "rz": 0.06792168057268155, "qx": 0.0, "qy": 0.0, "qz": 0.0}, "36": {"x": 1.062679853130458, "y": 14.858206413941216, "z": 0.4890984351272186, "type": "support", "rx": -0.002661946951542305, "ry": -0.037218883140077014, "rz": 0.17575325435249917, "qx": 0.0, "qy": 0.0, "qz": 0.0}, "37": {"x": -1.0627371441613414, "y": 14.859006157125132, "z": 0.48926797613687045, "type": "support", "rx": 0.002641623858818879, "ry": -0.03693472595613012, "rz": 0.175829534608349, "qx": 0.0, "qy": 0.0, "qz": 0.0}, "38": {"x": -3.158073643166642, "y": 14.501371682856277, "z": 0.47412245057939856, "type": "support", "rx": 0.0043567416091323035, "ry": -0.022328502661670562, "rz": 0.06793529821628574, "qx": 0.0, "qy": 0.0, "qz": 0.0}, "39": {"x": -5.296858173491712, "y": 14.10412130150764, "z": -0.49446833814444163, "type": "support", "rx": -0.0038743826813992443, "ry": 0.0035200917152563003, "rz": -0.034898393066221334, "qx": 0.0, "qy": 0.0, "qz": 0.0}, "40": {"x": -7.301508075589743, "y": 13.334738675507253, "z": -0.45665488997590664, "type": "support", "rx": -0.02131833514628666, "ry": 0.03205198728913991, "rz": -0.08632476324773963, "qx": 0.0, "qy": 0.0, "qz": 0.0}, "41": {"x": -9.179882734341726, "y": 12.248337551628994, "z": -0.39486910192163927, "type": "support", "rx": -0.04018970189645795, "ry": 0.050621041377204745, "rz": -0.08321027086078425, "qx": 0.0, "qy": 0.0, "qz": 0.0}, "42": {"x": 7.220689921469894, "y": 9.645004655643284, "z": 0.21465626678728014, "type": "support", "rx": -0.44724146213953425, "ry": -0.598615885763823, "rz": 0.35519778166328475, "qx": 0.0, "qy": 0.0, "qz": 0.0}, "43": {"x": 5.769766778421479, "y": 10.565733633929572, "z": 0.19234513331003786, "type": "support", "rx": -0.5034356443539232, "ry": -0.923809322624445, "rz": 0.4384665955328477, "qx": 0.0, "qy": 0.0, "qz": 0.0}, "44": {"x": 4.205244401606447, "y": 11.274269411794624, "z": 0.17865188889957576, "type": "support", "rx": -0.4640795356472785, "ry": -1.245461241925176, "rz": 0.508461853366095, "qx": 0.0, "qy": 0.0, "qz": 0.0}, "45": {"x": 2.557069066026436,