{"attributes": {"name": "Network", "gkey_node": {"0.000,0.000,0.000": 51}, "tol": "3f"}, "dna": {"x": 0.0, "y": 0.0, "z": 0.0, "qx": 0.0, "qy": 0.0, "qz": 0.0, "rx": 0.0, "ry": 0.0, "rz": 0.0, "_k": null, "type": null}, "dea": {"type": null, "length": 0.0, "force": 0.0}, "node": {"0": {"x": 9.240864949214568, "y": 9.24833335772887, "z": -3.4692140434468923, "type": "support", "rx": -6.078968730257278, "ry": 4.47216320130235, "rz": 4.234847212361768, "qx": 0.0, "qy": 0.0, "qz": 0.0}, "1": {"x": 7.7505600949294635, "y": 10.34471776498573, "z": -2.431009433785842, "rx": 0.0, "ry": 0.0, "rz": 0.0, "qx": 0.0, "qy": 0.0, "qz": 0.0}, "2": {"x": 6.192702298477646, "y": 11.327637728308586, "z": -1.6522688156477092, "rx": 0.0, "ry": 0.0, "rz": 0.0, "qx": 0.0, "qy": 0.0, "qz": 0.0}, "3": {"x": 4.530959902714278, "y": 12.13922474481979, "z": -1.1061478659854789, "rx": 0.0, "ry": 0.0, "rz": 0.0, "qx": 0.0, "qy": 0.0, "qz": 0.0}, "4": {"x": 2.7633735320730435, "y": 12.703081111640714, "z": -0.7650082342597175, "rx": 0.0, "ry": 0.0, "rz": 0.0, "qx": 0.0, "qy": 0.0, "qz": 0.0}, "5": {"x": 0.9274093444051206, "y": 12.966877492592811, "z": -0.6, "rx": 0.0, "ry": 0.0, "rz": 0.0, "qx": 0.0, "qy": 0.0, "qz": 0.0}, "6": {"x": -0.927409424517329, "y": 12.966877486863075, "z": -0.6, "rx": 0.0, "ry": 0.0, "rz": 0.0, "qx": 0.0, "qy": 0.0, "qz": 0.0}, "7": {"x": -2.7633753735152347, "y": 12.7030935332291, "z": -0.7650076656290843, "rx": 0.0, "ry": 0.0, "rz": 0.0, "qx": 0.0, "qy": 0.0, "qz": 0.0}, "8": {"x": -4.530967811560153, "y": 12.139251204071961, "z": -1.106137603322598, "rx": 0.0, "ry": 0.0, "rz": 0.0, "qx": 0.0, "qy": 0.0, "qz": 0.0}, "9": {"x": -6.192716370617142, "y": 11.327668408739124, "z": -1.6522362893204054, "rx": 0.0, "ry": 0.0, "rz": 0.0, "qx": 0.0, "qy": 0.0, "qz": 0.0}, "10": {"x": -7.750581683309678, "y": 10.344751304970735, "z": -2.430940253197082, "rx": 0.0, "ry": 0.0, "rz": 0.0, "qx": 0.0, "qy": 0.0, "qz": 0.0}, "11": {"x": -9.24089887385141, "y": 9.248372508722696, "z": -3.4691294667602697, "type": "support", "rx": 6.078974441949385, "ry": 4.472107497239822, "rz": 4.23475333654579, "qx": 0.0, "qy": 0.0, "qz": 0.0}, "12": {"x": 8.989165007755231, "y": 12.008118606315852, "z": 0.0, "rx": 0.0, "ry": 0.0, "rz": 0.0, "qx": -0.0, "qy": -0.0, "qz": -0.6250000000000001}, "13": {"x": 7.188734793227808, "y": 13.165184847644028, "z": 0.0, "rx": 0.0, "ry": 0.0, "rz": 0.0, "qx": -0.0, "qy": -0.0, "qz": -0.6250000000000002}, "14": {"x": 5.241962676028763, "y": 14.054245881694307, "z": 0.0, "rx": 0.0, "ry": 0.0, "rz": 0.0, "qx": -0.0, "qy": -0.0, "qz": -0.625}, "15": {"x": 3.188479409314756, "y": 14.657202975205596, "z": 0.0, "rx": 0.0, "ry": 0.0, "rz": 0.0, "qx": -0.0, "qy": -0.0, "qz": -0.625}, "16": {"x": 1.0700877050828306, "y": 14.961781722222474, "z": 0.0, "rx": 0.0, "ry": 0.0, "rz": 0.0, "qx": -0.0, "qy": -0.0, "qz": -0.6250000000000001}, "17": {"x": -1.070087797519994, "y": 14.96178171561124, "z": 0.0, "rx": 0.0, "ry": 0.0, "rz": 0.0, "qx": -0.0, "qy": -0.0, "qz": -0.6249999999999998}, "18": {"x": -3.18847947139583, "y": 14.657202961700683, "z": 0.0, "rx": 0.0, "ry": 0.0, "rz": 0.0, "qx": -0.0, "qy": -0.0, "qz": -0.6250000000000003}, "19": {"x": -5.241962821657837, "y": 14.05424582737747, "z": 0.0, "rx": 0.0, "ry": 0.0, "rz": 0.0, "qx": -0.0, "qy": -0.0, "qz": -0.6249999999999999}, "20": {"x": -7.188734850104505, "y": 13.165184816587002, "z": 0.0, "rx": 0.0, "ry": 0.0, "rz": 0.0, "qx": -0.0, "qy": -0.0, "qz": -0.6249999999999998}, "21": {"x": -8.989165034108499, "y": 12.008118586588042, "z": 0.0, "rx": 0.0, "ry": 0.0, "rz": 0.0, "qx": -0.0, "qy": -0.0, "qz": -0.6249999999999999}, "22": {"x": 7.4909708397960255, "y": 10.00676550526321, "z": 0.0, "rx": 0.0, "ry": 0.0, "rz": 0.0, "qx": -0.0, "qy": -0.0, "qz": -0.6250000000000001}, "23": {"x": 5.99061232768984, "y": 10.970987373036689, "z": 0.0, "rx": 0.0, "ry": 0.0, "rz": 0.0, "qx": -0.0, "qy": -0.0, "qz": -0.6250000000000002}, "24": {"x": 4.36830223002397, "y": 11.711871568078589, "z": 0.0, "rx": 0.0, "ry": 0.0, "rz": 0.0, "qx": -0.0, "qy": -0.0, "qz": -0.625}, "25": {"x": 2.657066174428964, "y": 12.21433581267133, "z": 0.0, "rx": 0.0, "ry": 0.0, "rz": 0.0, "qx": -0.0, "qy": -0.0, "qz": -0.625}, "26": {"x": 0.8917397542356931, "y": 12.468151435185394, "z": 0.0, "rx": 0.0, "ry": 0.0, "rz": 0.0, "qx": -0.0, "qy": -0.0, "qz": -0.6250000000000001}, "27": {"x": -0.8917398312666627, "y": 12.468151429676034, "z": 0.0, "rx": 0.0, "ry": 0.0, "rz": 0.0, "qx": -0.0, "qy": -0.0, "qz": -0.6249999999999998}, "28": {"x": -2.6570662261631903, "y": 12.214335801417235, "z": 0.0, "rx": 0.0, "ry": 0.0, "rz": 0.0, "qx": -0.0, "qy": -0.0, "qz": -0.6250000000000003}, "29": {"x": -4.36830235138153, "y": 11.711871522814558, "z": 0.0, "rx": 0.0, "ry": 0.0, "rz": 0.0, "qx": -0.0, "qy": -0.0, "qz": -0.6249999999999999}, "30": {"x": -5.990612375087085, "y": 10.970987347155837, "z": 0.0, "rx": 0.0, "ry": 0.0, "rz": 0.0, "qx": -0.0, "qy": -0.0, "qz": -0.6249999999999998}, "31": {"x": -7.4909708617570825, "y": 10.006765488823369, "z": 0.0, "rx": 0.0, "ry": 0.0, "rz": 0.0, "qx": -0.0, "qy": -0.0, "qz": -0.6249999999999999}, "32": {"x": 9.199778189469647, "y": 12.277332498983935, "z": -0.3649191248518334, "type": "support", "rx": 0.04417703977605795, "ry": 0.05646879624463318, "rz": -0.07654338898637036, "qx": 0.0, "qy": 0.0, "qz": 0.0}, "33": {"x": 7.306805529756878, "y": 13.347599056376648, "z": -0.4503158420796838, "type": "support", "rx": 0.01992333815677942, "ry": 0.03078070038367685, "rz": -0.07598660822192371, "qx": 0.0, "qy": 0.0, "qz": 0.0}, "34": {"x": 5.230388832339503, "y": 13.870614222128582, "z": -0.46491446497973604, "type": "support", "rx": -0.0003841801100630717, "ry": -0.0060954366653914755, "rz": -0.01543228810767272, "qx": 0.0, "qy": 0.0, "qz": 0.0}, "35": {"x": 3.1505802022484444, "y": 14.483170003914102, "z": 0.4672003585264025, "type": "support", "rx": -0.008110903532630472, "ry": -0.03724522888229713, "rz": 0.09998671032319317, "qx": 0.0, "qy": 0.0, "qz": 0.0}, "36": {"x": 1.0619383489521594, "y": 14.847838830415938, "z": 0.4867757239236767, "type": "support", "rx": -0.003920866032363594, "ry": -0.05482087258797107, "rz": 0.23420039211789156, "qx": 0.0, "qy": 0.0, "qz": 0.0}, "37": {"x": -1.0619485417388563, "y": 14.847980055030545, "z": 0.4868089302430735, "type": "support", "rx": 0.003915952855420814, "ry": -0.05475217264155113, "rz": 0.2342131604768442, "qx": 0.0, "qy": 0.0, "qz": 0.0}, "38": {"x": -3.150599871178221, "y": 14.483273640699238, "z": 0.46724054531186615, "type": "support", "rx": 0.008106704002049353, "ry": -0.03722303072197382, "rz": 0.09999526861000507, "qx": 0.0, "qy": 0.0, "qz": 0.0}, "39": {"x": -5.229717521620549, "y": 13.869184300114723, "z": -0.4643299298496451, "type": "support", "rx": 0.00040720378594711785, "ry": -0.00615401454477059, "rz": -0.015440773585587042, "qx": 0.0, "qy": 0.0, "qz": 0.0}, "40": {"x": -7.306805451774962, "y": 13.347606845656754, "z": -0.45031270949335955, "type": "support", "rx": -0.019920720264267357, "ry": 0.030778010442271346, "rz": -0.0759761819652528, "qx": 0.0, "qy": 0.0, "qz": 0.0}, "41": {"x": -9.199957149445401, "y": 12.277586139933979, "z": -0.3646284709201263, "type": "support", "rx": -0.044244849108774555, "ry": 0.056560707778116746, "rz": -0.07653479662101903, "qx": 0.0, "qy": 0.0, "qz": 0.0}, "42": {"x": 7.220873629072884, "y": 9.645064556396152, "z": 0.21498818653183752, "type": "support", "rx": -0.36598274256211083, "ry": -0.4901061543703753, "rz": 0.2913098062535272, "qx": 0.0, "qy": 0.0, "qz": 0.0}, "43": {"x": 5.770001272441046, "y": 10.565798905846238, "z": 0.19275131220789968, "type": "support", "rx": -0.4098516343589022, "ry": -0.7527598982476308, "rz": 0.3580937512135973, "qx": 0.0, "qy": 0.0, "qz": 0.0}, "44": {"x": 4.20535455140184, "y": 11.274290921644118, "z": 0.17880501082925168, "type": "support", "rx": -0.38081055025251836, "ry": -1.0226308724224626, "rz": 0.4178693132517408, "qx": 0.0, "qy": 0.0, "qz": 0.0}, "45": {"x": 2.557033533614702,