{"attributes": {"name": "Network", "gkey_node": {"0.000,0.000,0.000": 51}, "tol": "3f"}, "dna": {"x": 0.0, "y": 0.0, "z": 0.0, "qx": 0.0, "qy": 0.0, "qz": 0.0, "rx": 0.0, "ry": 0.0, "rz": 0.0, "_k": null, "type": null}, "dea": {"type": null, "length": 0.0, "force": 0.0}, "node": {"0": {"x": 9.240617958711809, "y": 9.24804831549394, "z": -6.769930710996201, "type": "support", "rx": -3.258884015921664, "ry": 2.3922387142057353, "rz": 4.844161129449777, "qx": 0.0, "qy": 0.0, "qz": 0.0}, "1": {"x": 7.7493080207384155, "y": 10.342769499515807, "z": -4.553176264321067, "rx": 0.0, "ry": 0.0, "rz": 0.0, "qx": 0.0, "qy": 0.0, "qz": 0.0}, "2": {"x": 6.195274563248628, "y": 11.333270202505984, "z": -2.8671657899606093, "rx": 0.0, "ry": 0.0, "rz": 0.0, "qx": 0.0, "qy": 0.0, "qz": 0.0}, "3": {"x": 4.5369965685725155, "y": 12.159783740575934, "z": -1.6768893736351111, "rx": 0.0, "ry": 0.0, "rz": 0.0, "qx": 0.0, "qy": 0.0, "qz": 0.0}, "4": {"x": 2.767262989249147, "y": 12.730132880342639, "z": -0.9430467735286681, "rx": 0.0, "ry": 0.0, "rz": 0.0, "qx": 0.0, "qy": 0.0, "qz": 0.0}, "5": {"x": 0.9274093444051206, "y": 12.966877492592811, "z": -0.6, "rx": 0.0, "ry": 0.0, "rz": 0.0, "qx": 0.0, "qy": 0.0, "qz": 0.0}, "6": {"x": -0.927409424517329, "y": 12.966877486863075, "z": -0.6, "rx": 0.0, "ry": 0.0, "rz": 0.0, "qx": 0.0, "qy": 0.0, "qz": 0.0}, "7": {"x": -2.7672617882219654, "y": 12.73012414009272, "z": -0.9430500511333999, "rx": 0.0, "ry": 0.0, "rz": 0.0, "qx": 0.0, "qy": 0.0, "qz": 0.0}, "8": {"x": -4.536992919129573, "y": 12.159770835357572, "z": -1.676903536739974, "rx": 0.0, "ry": 0.0, "rz": 0.0, "qx": 0.0, "qy": 0.0, "qz": 0.0}, "9": {"x": -6.195265907918715, "y": 11.333251116611748, "z": -2.8672018039546634, "rx": 0.0, "ry": 0.0, "rz": 0.0, "qx": 0.0, "qy": 0.0, "qz": 0.0}, "10": {"x": -7.749290648847716, "y": 10.342742416150337, "z": -4.5532208136708885, "rx": 0.0, "ry": 0.0, "rz": 0.0, "qx": 0.0, "qy": 0.0, "qz": 0.0}, "11": {"x": -9.240585330020238, "y": 9.248010659853248, "z": -6.769975382342944, "type": "support", "rx": 3.2588710302275685, "ry": 2.3922767589177796, "rz": 4.844191651840431, "qx": 0.0, "qy": 0.0, "qz": 0.0}, "12": {"x": 8.989165007755231, "y": 12.008118606315852, "z": 0.0, "rx": 0.0, "ry": 0.0, "rz": 0.0, "qx": -0.0, "qy": -0.0, "qz": -0.6250000000000001}, "13": {"x": 7.188734793227808, "y": 13.165184847644028, "z": 0.0, "rx": 0.0, "ry": 0.0, "rz": 0.0, "qx": -0.0, "qy": -0.0, "qz": -0.6250000000000002}, "14": {"x": 5.241962676028763, "y": 14.054245881694307, "z": 0.0, "rx": 0.0, "ry": 0.0, "rz": 0.0, "qx": -0.0, "qy": -0.0, "qz": -0.625}, "15": {"x": 3.188479409314756, "y": 14.657202975205596, "z": 0.0, "rx": 0.0, "ry": 0.0, "rz": 0.0, "qx": -0.0, "qy": -0.0, "qz": -0.625}, "16": {"x": 1.0700877050828306, "y": 14.961781722222474, "z": 0.0, "rx": 0.0, "ry": 0.0, "rz": 0.0, "qx": -0.0, "qy": -0.0, "qz": -0.6250000000000001}, "17": {"x": -1.070087797519994, "y": 14.96178171561124, "z": 0.0, "rx": 0.0, "ry": 0.0, "rz": 0.0, "qx": -0.0, "qy": -0.0, "qz": -0.6249999999999998}, "18": {"x": -3.18847947139583, "y": 14.657202961700683, "z": 0.0, "rx": 0.0, "ry": 0.0, "rz": 0.0, "qx": -0.0, "qy": -0.0, "qz": -0.6250000000000003}, "19": {"x": -5.241962821657837, "y": 14.05424582737747, "z": 0.0, "rx": 0.0, "ry": 0.0, "rz": 0.0, "qx": -0.0, "qy": -0.0, "qz": -0.6249999999999999}, "20": {"x": -7.188734850104505, "y": 13.165184816587002, "z": 0.0, "rx": 0.0, "ry": 0.0, "rz": 0.0, "qx": -0.0, "qy": -0.0, "qz": -0.6249999999999998}, "21": {"x": -8.989165034108499, "y": 12.008118586588042, "z": 0.0, "rx": 0.0, "ry": 0.0, "rz": 0.0, "qx": -0.0, "qy": -0.0, "qz": -0.6249999999999999}, "22": {"x": 7.4909708397960255, "y": 10.00676550526321, "z": 0.0, "rx": 0.0, "ry": 0.0, "rz": 0.0, "qx": -0.0, "qy": -0.0, "qz": -0.6250000000000001}, "23": {"x": 5.99061232768984, "y": 10.970987373036689, "z": 0.0, "rx": 0.0, "ry": 0.0, "rz": 0.0, "qx": -0.0, "qy": -0.0, "qz": -0.6250000000000002}, "24": {"x": 4.36830223002397, "y": 11.711871568078589, "z": 0.0, "rx": 0.0, "ry": 0.0, "rz": 0.0, "qx": -0.0, "qy": -0.0, "qz": -0.625}, "25": {"x": 2.657066174428964, "y": 12.21433581267133, "z": 0.0, "rx": 0.0, "ry": 0.0, "rz": 0.0, "qx": -0.0, "qy": -0.0, "qz": -0.625}, "26": {"x": 0.8917397542356931, "y": 12.468151435185394, "z": 0.0, "rx": 0.0, "ry": 0.0, "rz": 0.0, "qx": -0.0, "qy": -0.0, "qz": -0.6250000000000001}, "27": {"x": -0.8917398312666627, "y": 12.468151429676034, "z": 0.0, "rx": 0.0, "ry": 0.0, "rz": 0.0, "qx": -0.0, "qy": -0.0, "qz": -0.6249999999999998}, "28": {"x": -2.6570662261631903, "y": 12.214335801417235, "z": 0.0, "rx": 0.0, "ry": 0.0, "rz": 0.0, "qx": -0.0, "qy": -0.0, "qz": -0.6250000000000003}, "29": {"x": -4.36830235138153, "y": 11.711871522814558, "z": 0.0, "rx": 0.0, "ry": 0.0, "rz": 0.0, "qx": -0.0, "qy": -0.0, "qz": -0.6249999999999999}, "30": {"x": -5.990612375087085, "y": 10.970987347155837, "z": 0.0, "rx": 0.0, "ry": 0.0, "rz": 0.0, "qx": -0.0, "qy": -0.0, "qz": -0.6249999999999998}, "31": {"x": -7.4909708617570825, "y": 10.006765488823369, "z": 0.0, "rx": 0.0, "ry": 0.0, "rz": 0.0, "qx": -0.0, "qy": -0.0, "qz": -0.6249999999999999}, "32": {"x": 9.243883464125314, "y": 12.3414062420607, "z": -0.27209898905371066, "type": "support", "rx": 0.049428379237671904, "ry": 0.0646748095508567, "rz": -0.05280108953547169, "qx": 0.0, "qy": 0.0, "qz": 0.0}, "33": {"x": 7.305850242374586, "y": 13.351835506781155, "z": -0.44882680737097724, "type": "support", "rx": 0.012363569260753982, "ry": 0.019704218090946437, "rz": -0.04738146298751422, "qx": 0.0, "qy": 0.0, "qz": 0.0}, "34": {"x": 5.096632577577222, "y": 13.648334500338306, "z": 0.25320962258518037, "type": "support", "rx": -0.013999648181460055, "ry": -0.03910144280077879, "rz": 0.024391682591027863, "qx": 0.0, "qy": 0.0, "qz": 0.0}, "35": {"x": 3.1433515358936424, "y": 14.461923853758869, "z": 0.4580715443765114, "type": "support", "rx": -0.016576760048664253, "ry": -0.07173161271148809, "rz": 0.16826279415811946, "qx": 0.0, "qy": 0.0, "qz": 0.0}, "36": {"x": 1.0638345858744278, "y": 14.87435168799746, "z": 0.4922569325216035, "type": "support", "rx": -0.004480688607228964, "ry": -0.0626482152707469, "rz": 0.3527279675741928, "qx": 0.0, "qy": 0.0, "qz": 0.0}, "37": {"x": -1.0638325042860153, "y": 14.874321292129322, "z": 0.4922515064790766, "type": "support", "rx": 0.004482218703912302, "ry": -0.0626696033773937, "rz": 0.35272189917243985, "qx": 0.0, "qy": 0.0, "qz": 0.0}, "38": {"x": -3.143354460055579, "y": 14.461933048395698, "z": 0.45807575171515674, "type": "support", "rx": 0.016575675777500663, "ry": -0.07172808772586282, "rz": 0.16826400518136841, "qx": 0.0, "qy": 0.0, "qz": 0.0}, "39": {"x": -5.096641824545915, "y": 13.648341757860194, "z": 0.2532265668284283, "type": "support", "rx": 0.013992895828743178, "ry": -0.039084326932079576, "rz": 0.02438307636969672, "qx": 0.0, "qy": 0.0, "qz": 0.0}, "40": {"x": -7.305884166932611, "y": 13.351895097897643, "z": -0.4487931688646894, "type": "support", "rx": -0.012369071411505096, "ry": 0.019713583188728026, "rz": -0.04738529344416298, "qx": 0.0, "qy": 0.0, "qz": 0.0}, "41": {"x": -9.243846832538736, "y": 12.341353670126654, "z": -0.27219764996662743, "type": "support", "rx": -0.04941731508026227, "ry": 0.06465944256921825, "rz": -0.052816012433618775, "qx": 0.0, "qy": 0.0, "qz": 0.0}, "42": {"x": 7.221217323173427, "y": 9.645228652143036, "z": 0.21569456206799345, "type": "support", "rx": -0.20797167500790475, "ry": -0.27873380804033804, "rz": 0.16629388163319736, "qx": 0.0, "qy": 0.0, "qz": 0.0}, "43": {"x": 5.77036076141781, "y": 10.565660235753128, "z": 0.19287083588824935, "type": "support", "rx": -0.2141109558052624, "ry": -0.394026622586677, "rz": 0.18749359978665964, "qx": 0.0, "qy": 0.0, "qz": 0.0}, "44": {"x": 4.205371711649293, "y": 11.274157599052689, "z": 0.1784940545277424, "type": "support", "rx": -0.19737447211240183, "ry": -0.5302478899259351, "rz": 0.21622818204383126, "qx": 0.0, "qy": 0.0, "qz": 0.0}, "45": {"x": 2.5564035230521123,