{"attributes": {"name": "Network", "gkey_node": {"0.000,0.000,0.000": 51}, "tol": "3f"}, "dna": {"x": 0.0, "y": 0.0, "z": 0.0, "qx": 0.0, "qy": 0.0, "qz": 0.0, "rx": 0.0, "ry": 0.0, "rz": 0.0, "_k": null, "type": null}, "dea": {"type": null, "length": 0.0, "force": 0.0}, "node": {"0": {"x": 9.242618897500442, "y": 9.250357521952882, "z": -1.9513369735842063, "type": "support", "rx": -9.991207548077048, "ry": 7.376653723756177, "rz": 3.3311403830691093, "qx": 0.0, "qy": 0.0, "qz": 0.0}, "1": {"x": 7.753719364186735, "y": 10.349633683905022, "z": -1.4549271714768914, "rx": 0.0, "ry": 0.0, "rz": 0.0, "qx": 0.0, "qy": 0.0, "qz": 0.0}, "2": {"x": 6.191248107488542, "y": 11.32445349419839, "z": -1.088773150930153, "rx": 0.0, "ry": 0.0, "rz": 0.0, "qx": 0.0, "qy": 0.0, "qz": 0.0}, "3": {"x": 4.525832830400598, "y": 12.12176354017244, "z": -0.8342807393303475, "rx": 0.0, "ry": 0.0, "rz": 0.0, "qx": 0.0, "qy": 0.0, "qz": 0.0}, "4": {"x": 2.7602687082601522, "y": 12.681486587818059, "z": -0.6751258778487408, "rx": 0.0, "ry": 0.0, "rz": 0.0, "qx": 0.0, "qy": 0.0, "qz": 0.0}, "5": {"x": 0.9274093444051206, "y": 12.966877492592811, "z": -0.6, "rx": 0.0, "ry": 0.0, "rz": 0.0, "qx": 0.0, "qy": 0.0, "qz": 0.0}, "6": {"x": -0.927409424517329, "y": 12.966877486863075, "z": -0.6, "rx": 0.0, "ry": 0.0, "rz": 0.0, "qx": 0.0, "qy": 0.0, "qz": 0.0}, "7": {"x": -2.760268920910617, "y": 12.681487681709845, "z": -0.6751274342722727, "rx": 0.0, "ry": 0.0, "rz": 0.0, "qx": 0.0, "qy": 0.0, "qz": 0.0}, "8": {"x": -4.525831590320145, "y": 12.121758841515446, "z": -0.834288256372365, "rx": 0.0, "ry": 0.0, "rz": 0.0, "qx": 0.0, "qy": 0.0, "qz": 0.0}, "9": {"x": -6.191233883108063, "y": 11.324422213955897, "z": -1.0887829479529456, "rx": 0.0, "ry": 0.0, "rz": 0.0, "qx": 0.0, "qy": 0.0, "qz": 0.0}, "10": {"x": -7.75367442798449, "y": 10.349563709584736, "z": -1.4549342842574007, "rx": 0.0, "ry": 0.0, "rz": 0.0, "qx": 0.0, "qy": 0.0, "qz": 0.0}, "11": {"x": -9.242523190554468, "y": 9.250247070121107, "z": -1.9513244729289116, "type": "support", "rx": 9.991023935539392, "ry": 7.377041331356595, "rz": 3.331061140033611, "qx": 0.0, "qy": 0.0, "qz": 0.0}, "12": {"x": 8.989165007755231, "y": 12.008118606315852, "z": 0.0, "rx": 0.0, "ry": 0.0, "rz": 0.0, "qx": -0.0, "qy": -0.0, "qz": -0.6250000000000001}, "13": {"x": 7.188734793227808, "y": 13.165184847644028, "z": 0.0, "rx": 0.0, "ry": 0.0, "rz": 0.0, "qx": -0.0, "qy": -0.0, "qz": -0.6250000000000002}, "14": {"x": 5.241962676028763, "y": 14.054245881694307, "z": 0.0, "rx": 0.0, "ry": 0.0, "rz": 0.0, "qx": -0.0, "qy": -0.0, "qz": -0.625}, "15": {"x": 3.188479409314756, "y": 14.657202975205596, "z": 0.0, "rx": 0.0, "ry": 0.0, "rz": 0.0, "qx": -0.0, "qy": -0.0, "qz": -0.625}, "16": {"x": 1.0700877050828306, "y": 14.961781722222474, "z": 0.0, "rx": 0.0, "ry": 0.0, "rz": 0.0, "qx": -0.0, "qy": -0.0, "qz": -0.6250000000000001}, "17": {"x": -1.070087797519994, "y": 14.96178171561124, "z": 0.0, "rx": 0.0, "ry": 0.0, "rz": 0.0, "qx": -0.0, "qy": -0.0, "qz": -0.6249999999999998}, "18": {"x": -3.18847947139583, "y": 14.657202961700683, "z": 0.0, "rx": 0.0, "ry": 0.0, "rz": 0.0, "qx": -0.0, "qy": -0.0, "qz": -0.6250000000000003}, "19": {"x": -5.241962821657837, "y": 14.05424582737747, "z": 0.0, "rx": 0.0, "ry": 0.0, "rz": 0.0, "qx": -0.0, "qy": -0.0, "qz": -0.6249999999999999}, "20": {"x": -7.188734850104505, "y": 13.165184816587002, "z": 0.0, "rx": 0.0, "ry": 0.0, "rz": 0.0, "qx": -0.0, "qy": -0.0, "qz": -0.6249999999999998}, "21": {"x": -8.989165034108499, "y": 12.008118586588042, "z": 0.0, "rx": 0.0, "ry": 0.0, "rz": 0.0, "qx": -0.0, "qy": -0.0, "qz": -0.6249999999999999}, "22": {"x": 7.4909708397960255, "y": 10.00676550526321, "z": 0.0, "rx": 0.0, "ry": 0.0, "rz": 0.0, "qx": -0.0, "qy": -0.0, "qz": -0.6250000000000001}, "23": {"x": 5.99061232768984, "y": 10.970987373036689, "z": 0.0, "rx": 0.0, "ry": 0.0, "rz": 0.0, "qx": -0.0, "qy": -0.0, "qz": -0.6250000000000002}, "24": {"x": 4.36830223002397, "y": 11.711871568078589, "z": 0.0, "rx": 0.0, "ry": 0.0, "rz": 0.0, "qx": -0.0, "qy": -0.0, "qz": -0.625}, "25": {"x": 2.657066174428964, "y": 12.21433581267133, "z": 0.0, "rx": 0.0, "ry": 0.0, "rz": 0.0, "qx": -0.0, "qy": -0.0, "qz": -0.625}, "26": {"x": 0.8917397542356931, "y": 12.468151435185394, "z": 0.0, "rx": 0.0, "ry": 0.0, "rz": 0.0, "qx": -0.0, "qy": -0.0, "qz": -0.6250000000000001}, "27": {"x": -0.8917398312666627, "y": 12.468151429676034, "z": 0.0, "rx": 0.0, "ry": 0.0, "rz": 0.0, "qx": -0.0, "qy": -0.0, "qz": -0.6249999999999998}, "28": {"x": -2.6570662261631903, "y": 12.214335801417235, "z": 0.0, "rx": 0.0, "ry": 0.0, "rz": 0.0, "qx": -0.0, "qy": -0.0, "qz": -0.6250000000000003}, "29": {"x": -4.36830235138153, "y": 11.711871522814558, "z": 0.0, "rx": 0.0, "ry": 0.0, "rz": 0.0, "qx": -0.0, "qy": -0.0, "qz": -0.6249999999999999}, "30": {"x": -5.990612375087085, "y": 10.970987347155837, "z": 0.0, "rx": 0.0, "ry": 0.0, "rz": 0.0, "qx": -0.0, "qy": -0.0, "qz": -0.6249999999999998}, "31": {"x": -7.4909708617570825, "y": 10.006765488823369, "z": 0.0, "rx": 0.0, "ry": 0.0, "rz": 0.0, "qx": -0.0, "qy": -0.0, "qz": -0.6249999999999999}, "32": {"x": 9.147662690538947, "y": 12.200399509373495, "z": -0.43348187836578544, "type": "support", "rx": 0.03248060788673076, "ry": 0.03940373453184304, "rz": -0.0888325600091937, "qx": 0.0, "qy": 0.0, "qz": 0.0}, "33": {"x": 7.29037169036922, "y": 13.30860325056695, "z": -0.4680823675834251, "type": "support", "rx": 0.022204494487577726, "ry": 0.0313324513703762, "rz": -0.10226140941982453, "qx": 0.0, "qy": 0.0, "qz": 0.0}, "34": {"x": 5.315279116719312, "y": 14.177497337685558, "z": -0.47899246144433816, "type": "support", "rx": 0.010347088124353254, "ry": 0.017394375184947162, "rz": -0.06759980657523046, "qx": 0.0, "qy": 0.0, "qz": 0.0}, "35": {"x": 3.3326612212336464, "y": 14.894905188259338, "z": 0.4155830398622382, "type": "support", "rx": 0.002257002749862846, "ry": 0.0037209585687034384, "rz": 0.0065054811788125555, "qx": 0.0, "qy": 0.0, "qz": 0.0}, "36": {"x": 1.0710877304540924, "y": 14.975763904477667, "z": 0.49980345990062874, "type": "support", "rx": 0.00013266101822250788, "ry": 0.0018548434752272385, "rz": 0.06630275371702965, "qx": 0.0, "qy": 0.0, "qz": 0.0}, "37": {"x": -1.0711290193378176, "y": 14.976339898212611, "z": 0.4997869297775515, "type": "support", "rx": -0.00013813003339419809, "ry": 0.001931310134366934, "rz": 0.06630247668500533, "qx": 0.0, "qy": 0.0, "qz": 0.0}, "38": {"x": -3.3331261177787703, "y": 14.89737193948615, "z": 0.4140002533811447, "type": "support", "rx": -0.0022659887772517933, "ry": 0.0037624115174099905, "rz": 0.006485597498454787, "qx": 0.0, "qy": 0.0, "qz": 0.0}, "39": {"x": -5.315209772096566, "y": 14.177351186471702, "z": -0.47904066091899394, "type": "support", "rx": -0.010344488685027345, "ry": 0.01738587049138346, "rz": -0.06765374758761866, "qx": 0.0, "qy": 0.0, "qz": 0.0}, "40": {"x": -7.290351249304235, "y": 13.308567507794493, "z": -0.4680977582469056, "type": "support", "rx": -0.02221046622253661, "ry": 0.03133939447805995, "rz": -0.10231290943455895, "qx": 0.0, "qy": 0.0, "qz": 0.0}, "41": {"x": -9.147754141308312, "y": 12.200504569861552, "z": -0.4334018095456582, "type": "support", "rx": -0.03251099543017948, "ry": 0.039439403711096194, "rz": -0.08884799529022835, "qx": 0.0, "qy": 0.0, "qz": 0.0}, "42": {"x": 7.220347578897593, "y": 9.644910774532937, "z": 0.21406588824196288, "type": "support", "rx": -0.6133801438501402, "ry": -0.8201604919374987, "rz": 0.48519024154595025, "qx": 0.0, "qy": 0.0, "qz": 0.0}, "43": {"x": 5.769360254992339, "y": 10.56565359815109, "z": 0.19170824516449758, "type": "support", "rx": -0.6822522234509775, "ry": -1.249886004609622, "rz": 0.5911509660575525, "qx": 0.0, "qy": 0.0, "qz": 0.0}, "44": {"x": 4.204962818881953, "y": 11.2741130233084, "z": 0.17801037399114195, "type": "support", "rx": -0.6129891058897596, "ry": -1.6428442901693137, "rz": 0.6680471003844748, "qx": 0.0, "qy": 0.0, "qz": 0.0},