{"max_vertex": 19, "max_face": 8, "dfa": {}, "vertex": {"0": {"y": 12.008118629455566, "z": 0.0, "x": 8.9891653060913086}, "1": {"y": 10.006765365600586, "z": 0.0, "x": 7.4909706115722656}, "2": {"y": 13.16518497467041, "z": 0.0, "x": 7.1887350082397461}, "3": {"y": 10.970987319946289, "z": 0.0, "x": 5.9906125068664551}, "4": {"y": 14.054245948791504, "z": 0.0, "x": 5.2419629096984863}, "5": {"y": 11.711871147155762, "z": 0.0, "x": 4.3683023452758789}, "6": {"y": 14.65720272064209, "z": 0.0, "x": 3.1884794235229492}, "7": {"y": 12.214335441589355, "z": 0.0, "x": 2.6570661067962646}, "8": {"y": 14.96178150177002, "z": 0.0, "x": 1.0700876712799072}, "9": {"y": 12.468151092529297, "z": 0.0, "x": 0.89173972606658936}, "10": {"y": 12.468151092529297, "z": 0.0, "x": -0.89173984527587891}, "11": {"y": 14.96178150177002, "z": 0.0, "x": -1.0700877904891968}, "12": {"y": 12.214335441589355, "z": 0.0, "x": -2.6570663452148438}, "13": {"y": 14.65720272064209, "z": 0.0, "x": -3.1884794235229492}, "14": {"y": 11.711871147155762, "z": 0.0, "x": -4.3683023452758789}, "15": {"y": 14.054245948791504, "z": 0.0, "x": -5.2419629096984863}, "16": {"y": 10.970987319946289, "z": 0.0, "x": -5.9906125068664551}, "17": {"y": 13.16518497467041, "z": 0.0, "x": -7.1887350082397461}, "18": {"y": 10.006765365600586, "z": 0.0, "x": -7.4909710884094238}, "19": {"y": 12.008118629455566, "z": 0.0, "x": -8.9891653060913086}}, "dea": {}, "face": {"0": [0, 2, 3, 1], "1": [2, 4, 5, 3], "2": [4, 6, 7, 5], "3": [6, 8, 9, 7], "4": [8, 11, 10, 9], "5": [11, 13, 12, 10], "6": [13, 15, 14, 12], "7": [15, 17, 16, 14], "8": [19, 18, 16, 17]}, "facedata": {"0": {}, "1": {}, "2": {}, "3": {}, "4": {}, "5": {}, "6": {}, "7": {}, "8": {}}, "attributes": {"name": null}, "dva": {"y": 0.0, "z": 0.0, "x": 0.0}, "edgedata": {}}