{"attributes": {"name": "Network", "gkey_node": {"0.000,0.000,0.000": 51}, "tol": "3f"}, "dna": {"x": 0.0, "y": 0.0, "z": 0.0, "qx": 0.0, "qy": 0.0, "qz": 0.0, "rx": 0.0, "ry": 0.0, "rz": 0.0, "_k": null, "type": null}, "dea": {"type": null, "length": 0.0, "force": 0.0}, "node": {"0": {"x": 9.240701988051418, "y": 9.248145290521295, "z": -4.607313547828373, "type": "support", "rx": -4.686121919470924, "ry": 3.443395342409597, "rz": 4.5400134970540265, "qx": 0.0, "qy": 0.0, "qz": 0.0}, "1": {"x": 7.749859158360158, "y": 10.343627086394678, "z": -3.162953651714379, "rx": 0.0, "ry": 0.0, "rz": 0.0, "qx": 0.0, "qy": 0.0, "qz": 0.0}, "2": {"x": 6.193752981871003, "y": 11.329938404028084, "z": -2.0723068294169487, "rx": 0.0, "ry": 0.0, "rz": 0.0, "qx": 0.0, "qy": 0.0, "qz": 0.0}, "3": {"x": 4.533673315685407, "y": 12.148465780694252, "z": -1.3049183569313507, "rx": 0.0, "ry": 0.0, "rz": 0.0, "qx": 0.0, "qy": 0.0, "qz": 0.0}, "4": {"x": 2.7650971976715284, "y": 12.715069469135985, "z": -0.8280118071231625, "rx": 0.0, "ry": 0.0, "rz": 0.0, "qx": 0.0, "qy": 0.0, "qz": 0.0}, "5": {"x": 0.9274093444051206, "y": 12.966877492592811, "z": -0.6, "rx": 0.0, "ry": 0.0, "rz": 0.0, "qx": 0.0, "qy": 0.0, "qz": 0.0}, "6": {"x": -0.927409424517329, "y": 12.966877486863075, "z": -0.6, "rx": 0.0, "ry": 0.0, "rz": 0.0, "qx": 0.0, "qy": 0.0, "qz": 0.0}, "7": {"x": -2.765099167732517, "y": 12.71508278484459, "z": -0.8280210991248665, "rx": 0.0, "ry": 0.0, "rz": 0.0, "qx": 0.0, "qy": 0.0, "qz": 0.0}, "8": {"x": -4.533687220392059, "y": 12.14851265972277, "z": -1.3049502246187397, "rx": 0.0, "ry": 0.0, "rz": 0.0, "qx": 0.0, "qy": 0.0, "qz": 0.0}, "9": {"x": -6.1937943353410505, "y": 11.330028822194091, "z": -2.0723858841499903, "rx": 0.0, "ry": 0.0, "rz": 0.0, "qx": 0.0, "qy": 0.0, "qz": 0.0}, "10": {"x": -7.749944597164831, "y": 10.34375997958654, "z": -3.163095597798956, "rx": 0.0, "ry": 0.0, "rz": 0.0, "qx": 0.0, "qy": 0.0, "qz": 0.0}, "11": {"x": -9.240858247623786, "y": 9.248325623556813, "z": -4.60757319663424, "type": "support", "rx": 4.686206348353274, "ry": 3.4431446997956874, "rz": 4.540249592343749, "qx": 0.0, "qy": 0.0, "qz": 0.0}, "12": {"x": 8.989165007755231, "y": 12.008118606315852, "z": 0.0, "rx": 0.0, "ry": 0.0, "rz": 0.0, "qx": -0.0, "qy": -0.0, "qz": -0.6250000000000001}, "13": {"x": 7.188734793227808, "y": 13.165184847644028, "z": 0.0, "rx": 0.0, "ry": 0.0, "rz": 0.0, "qx": -0.0, "qy": -0.0, "qz": -0.6250000000000002}, "14": {"x": 5.241962676028763, "y": 14.054245881694307, "z": 0.0, "rx": 0.0, "ry": 0.0, "rz": 0.0, "qx": -0.0, "qy": -0.0, "qz": -0.625}, "15": {"x": 3.188479409314756, "y": 14.657202975205596, "z": 0.0, "rx": 0.0, "ry": 0.0, "rz": 0.0, "qx": -0.0, "qy": -0.0, "qz": -0.625}, "16": {"x": 1.0700877050828306, "y": 14.961781722222474, "z": 0.0, "rx": 0.0, "ry": 0.0, "rz": 0.0, "qx": -0.0, "qy": -0.0, "qz": -0.6250000000000001}, "17": {"x": -1.070087797519994, "y": 14.96178171561124, "z": 0.0, "rx": 0.0, "ry": 0.0, "rz": 0.0, "qx": -0.0, "qy": -0.0, "qz": -0.6249999999999998}, "18": {"x": -3.18847947139583, "y": 14.657202961700683, "z": 0.0, "rx": 0.0, "ry": 0.0, "rz": 0.0, "qx": -0.0, "qy": -0.0, "qz": -0.6250000000000003}, "19": {"x": -5.241962821657837, "y": 14.05424582737747, "z": 0.0, "rx": 0.0, "ry": 0.0, "rz": 0.0, "qx": -0.0, "qy": -0.0, "qz": -0.6249999999999999}, "20": {"x": -7.188734850104505, "y": 13.165184816587002, "z": 0.0, "rx": 0.0, "ry": 0.0, "rz": 0.0, "qx": -0.0, "qy": -0.0, "qz": -0.6249999999999998}, "21": {"x": -8.989165034108499, "y": 12.008118586588042, "z": 0.0, "rx": 0.0, "ry": 0.0, "rz": 0.0, "qx": -0.0, "qy": -0.0, "qz": -0.6249999999999999}, "22": {"x": 7.4909708397960255, "y": 10.00676550526321, "z": 0.0, "rx": 0.0, "ry": 0.0, "rz": 0.0, "qx": -0.0, "qy": -0.0, "qz": -0.6250000000000001}, "23": {"x": 5.99061232768984, "y": 10.970987373036689, "z": 0.0, "rx": 0.0, "ry": 0.0, "rz": 0.0, "qx": -0.0, "qy": -0.0, "qz": -0.6250000000000002}, "24": {"x": 4.36830223002397, "y": 11.711871568078589, "z": 0.0, "rx": 0.0, "ry": 0.0, "rz": 0.0, "qx": -0.0, "qy": -0.0, "qz": -0.625}, "25": {"x": 2.657066174428964, "y": 12.21433581267133, "z": 0.0, "rx": 0.0, "ry": 0.0, "rz": 0.0, "qx": -0.0, "qy": -0.0, "qz": -0.625}, "26": {"x": 0.8917397542356931, "y": 12.468151435185394, "z": 0.0, "rx": 0.0, "ry": 0.0, "rz": 0.0, "qx": -0.0, "qy": -0.0, "qz": -0.6250000000000001}, "27": {"x": -0.8917398312666627, "y": 12.468151429676034, "z": 0.0, "rx": 0.0, "ry": 0.0, "rz": 0.0, "qx": -0.0, "qy": -0.0, "qz": -0.6249999999999998}, "28": {"x": -2.6570662261631903, "y": 12.214335801417235, "z": 0.0, "rx": 0.0, "ry": 0.0, "rz": 0.0, "qx": -0.0, "qy": -0.0, "qz": -0.6250000000000003}, "29": {"x": -4.36830235138153, "y": 11.711871522814558, "z": 0.0, "rx": 0.0, "ry": 0.0, "rz": 0.0, "qx": -0.0, "qy": -0.0, "qz": -0.6249999999999999}, "30": {"x": -5.990612375087085, "y": 10.970987347155837, "z": 0.0, "rx": 0.0, "ry": 0.0, "rz": 0.0, "qx": -0.0, "qy": -0.0, "qz": -0.6249999999999998}, "31": {"x": -7.4909708617570825, "y": 10.006765488823369, "z": 0.0, "rx": 0.0, "ry": 0.0, "rz": 0.0, "qx": -0.0, "qy": -0.0, "qz": -0.6249999999999999}, "32": {"x": 9.221657605772396, "y": 12.309174128750946, "z": -0.3245192818286162, "type": "support", "rx": 0.04794486278749857, "ry": 0.06208397960912107, "rz": -0.06692270021440339, "qx": 0.0, "qy": 0.0, "qz": 0.0}, "33": {"x": 7.311195180889428, "y": 13.358408520365321, "z": -0.4445987694020986, "type": "support", "rx": 0.01709727164215191, "ry": 0.02697686724084716, "rz": -0.062072528736706545, "qx": 0.0, "qy": 0.0, "qz": 0.0}, "34": {"x": 5.096328006722786, "y": 13.584679783409085, "z": 0.09109457962651486, "type": "support", "rx": -0.005945379628894032, "ry": -0.01916953379623351, "rz": 0.0037188387943276613, "qx": 0.0, "qy": 0.0, "qz": 0.0}, "35": {"x": 3.1460078117728885, "y": 14.470492493638165, "z": 0.4618824087092943, "type": "support", "rx": -0.012206891179491816, "ry": -0.05366302805816058, "rz": 0.1327510295622376, "qx": 0.0, "qy": 0.0, "qz": 0.0}, "36": {"x": 1.0621469067557172, "y": 14.850754849652938, "z": 0.4874525384992432, "type": "support", "rx": -0.00478430292875847, "ry": -0.06689329834654338, "rz": 0.2936884317550056, "qx": 0.0, "qy": 0.0, "qz": 0.0}, "37": {"x": -1.0621466223551506, "y": 14.850749583801884, "z": 0.4874513344354193, "type": "support", "rx": 0.0047846131183309675, "ry": -0.06689762955528085, "rz": 0.2936928100532085, "qx": 0.0, "qy": 0.0, "qz": 0.0}, "38": {"x": -3.1460267484380178, "y": 14.470588594156807, "z": 0.46192298507399043, "type": "support", "rx": 0.012201132694382276, "ry": -0.05363393682294012, "rz": 0.1327590609693931, "qx": 0.0, "qy": 0.0, "qz": 0.0}, "39": {"x": -5.096251475435194, "y": 13.58463747026546, "z": 0.09075348209596831, "type": "support", "rx": 0.005952009085579366, "ry": -0.019182536436962314, "rz": 0.003707093263401795, "qx": 0.0, "qy": 0.0, "qz": 0.0}, "40": {"x": -7.310931033337729, "y": 13.35795824983908, "z": -0.44486682977655206, "type": "support", "rx": -0.017059764050389326, "ry": 0.026913027882279554, "rz": -0.06210769394775362, "qx": 0.0, "qy": 0.0, "qz": 0.0}, "41": {"x": -9.221617520180619, "y": 12.309142006663192, "z": -0.32457779080699733, "type": "support", "rx": -0.04794369159077964, "ry": 0.062086554794716524, "rz": -0.06694468087916805, "qx": 0.0, "qy": 0.0, "qz": 0.0}, "42": {"x": 7.221041984532867, "y": 9.645123703937568, "z": 0.2152989099606988, "type": "support", "rx": -0.2866082387269203, "ry": -0.38398829064393186, "rz": 0.2286026120605114, "qx": 0.0, "qy": 0.0, "qz": 0.0}, "43": {"x": 5.770192797694502, "y": 10.565755079755625, "z": 0.19287824988527136, "type": "support", "rx": -0.3125243625205424, "ry": -0.5745632618537926, "rz": 0.27347464215510825, "qx": 0.0, "qy": 0.0, "qz": 0.0}, "44": {"x": 4.205412088716698, "y": 11.274268298869716, "z": 0.17880207113622434, "type": "support", "rx": -0.2928019629376619, "ry": -0.7866105043803312, "rz": 0.32140433414719416, "qx": 0.0, "qy": 0.0, "qz": 0.0}, "45": {"x": 2.556860115691376,