{"attributes": {"name": "Network", "gkey_node": {"0.000,0.000,0.000": 47}, "tol": "3f"}, "dna": {"x": 0.0, "y": 0.0, "z": 0.0, "qx": 0.0, "qy": 0.0, "qz": 0.0, "rx": 0.0, "ry": 0.0, "rz": 0.0, "_k": null, "type": null}, "dea": {"type": null, "length": 0.0, "force": 0.0}, "node": {"0": {"x": 4.8130570837159645, "y": 1.2024799462499665, "z": 1.2198433083961024, "rx": 0.0, "ry": 0.0, "rz": 0.0, "qx": -0.9905374028703161, "qy": -0.3209850954880017, "qz": 0.2661767809550664}, "1": {"x": 3.8416112074952635, "y": 0.8550988725498662, "z": 3.1770121123055615e-18, "type": "support", "rx": -0.0707411487969517, "ry": -0.025296454311450167, "rz": -0.08882956745251522, "qx": 0.0, "qy": 0.0, "qz": 0.0}, "2": {"x": 4.341118251049263, "y": 2.389999822501983, "z": 1.2929164317708666, "rx": 0.0, "ry": 0.0, "rz": 0.0, "qx": -0.8407516471840614, "qy": -0.6156663163710422, "qz": 0.25646313712156865}, "3": {"x": 3.5333757168824094, "y": 1.7578889333891574, "z": 1.4928726412134247e-18, "type": "support", "rx": -0.07374920883736646, "ry": -0.05771353617974195, "rz": -0.1180469764840138, "qx": 0.0, "qy": 0.0, "qz": 0.0}, "4": {"x": 3.5405762956751867, "y": 3.4631955082469688, "z": 1.4158624781589246, "rx": 0.0, "ry": 0.0, "rz": 0.0, "qx": -0.5880586667144297, "qy": -0.7954960377989864, "qz": 0.20737023697750315}, "5": {"x": 2.9373417347828417, "y": 2.654796179095741, "z": 8.900316116558024e-17, "type": "support", "rx": -0.08318873092402224, "ry": -0.11148186564848217, "rz": -0.19525373769491647, "qx": 0.0, "qy": 0.0, "qz": 0.0}, "6": {"x": 2.471677426587208, "y": 4.292848750957328, "z": 1.549646946527321, "rx": 0.0, "ry": 0.0, "rz": 0.0, "qx": -0.3348849894730959, "qy": -0.8516302242796945, "qz": 0.15425666222244114}, "7": {"x": 2.0986486588761917, "y": 3.4059312008182854, "z": -9.86815762645937e-18, "type": "support", "rx": -0.060887885677222475, "ry": -0.14476774734924402, "rz": -0.2529422239984145, "qx": 0.0, "qy": 0.0, "qz": 0.0}, "8": {"x": 1.2549857679451975, "y": 4.796282237482123, "z": 1.6517942134449726, "rx": 0.0, "ry": 0.0, "rz": 0.0, "qx": -0.1411069944524563, "qy": -0.8340932752874552, "qz": 0.11778458633788506}, "9": {"x": 1.078193184582056, "y": 3.9256716512763847, "z": 9.160869219836775e-17, "type": "support", "rx": -0.03268285585305358, "ry": -0.16094589349745803, "rz": -0.3053598242073384, "qx": 0.0, "qy": 0.0, "qz": 0.0}, "10": {"x": 4.937374398217287e-10, "y": 4.960467320794201, "z": 1.6898732434036243, "rx": 0.0, "ry": 0.0, "rz": 0.0, "qx": 7.271098163790514e-05, "qy": -0.8150402723043265, "qz": 0.10432747048253187}, "11": {"x": -0.006311339294171155, "y": 4.089316297611027, "z": 6.834332491209993e-17, "type": "support", "rx": -0.0012444169287587688, "ry": -0.17176623620099818, "rz": -0.3331950017295461, "qx": 0.0, "qy": 0.0, "qz": 0.0}, "12": {"x": -1.254985765789424, "y": 4.7962822382200265, "z": 1.651794213444973, "rx": 0.0, "ry": 0.0, "rz": 0.0, "qx": 0.14113055614985517, "qy": -0.8340403452419826, "qz": 0.11778812202339416}, "13": {"x": -1.078767668026124, "y": 3.923631926022424, "z": -4.447456775414774e-17, "type": "support", "rx": 0.03258440278691868, "ry": -0.1613613449792839, "rz": -0.30543246496899773, "qx": 0.0, "qy": 0.0, "qz": 0.0}, "14": {"x": -2.4716774271489363, "y": 4.292848749911128, "z": 1.5496469465273213, "rx": 0.0, "ry": 0.0, "rz": 0.0, "qx": 0.33477429276611714, "qy": -0.8517134659034022, "qz": 0.1542812218021798}, "15": {"x": -2.0877500848473742, "y": 3.4110051347424397, "z": 1.9664251867349412e-17, "type": "support", "rx": 0.06263488455065097, "ry": -0.14386621358276408, "rz": -0.2528133500681196, "qx": 0.0, "qy": 0.0, "qz": 0.0}, "16": {"x": -3.5405762971317563, "y": 3.4631955075628422, "z": 1.4158624781589246, "rx": 0.0, "ry": 0.0, "rz": 0.0, "qx": 0.5880544015432838, "qy": -0.7955063277688006, "qz": 0.2074508348261821}, "17": {"x": -2.9386999796356315, "y": 2.655371535021024, "z": 1.28344768447203e-17, "type": "support", "rx": 0.083040907083067, "ry": -0.11145551584815605, "rz": -0.19534662034937633, "qx": 0.0, "qy": 0.0, "qz": 0.0}, "18": {"x": -4.34111824982001, "y": 2.38999982473145, "z": 1.2929164317708666, "rx": 0.0, "ry": 0.0, "rz": 0.0, "qx": 0.8407660735914103, "qy": -0.6157022912551326, "qz": 0.25659186151010166}, "19": {"x": -3.535963348060556, "y": 1.7585711320109219, "z": 8.002647577083268e-17, "type": "support", "rx": 0.07360540106515345, "ry": -0.057723752373832315, "rz": -0.11819543332129301, "qx": 0.0, "qy": 0.0, "qz": 0.0}, "20": {"x": -4.81305708313273, "y": 1.2024799484482518, "z": 1.2198433083961024, "rx": 0.0, "ry": 0.0, "rz": 0.0, "qx": 0.9906129182361516, "qy": -0.32102382349914205, "qz": 0.2663144953285802}, "21": {"x": -3.8449394553422196, "y": 0.8587917550461127, "z": -5.3057444389403895e-17, "type": "support", "rx": 0.07061534072968767, "ry": -0.02506891537266226, "rz": -0.0889764305354224, "qx": 0.0, "qy": 0.0, "qz": 0.0}, "22": {"x": -4.964140795711487, "y": 1.1102230246251565e-16, "z": 1.2000000000000002, "rx": 0.0, "ry": 0.0, "rz": 0.0, "qx": 1.015016468965128, "qy": -1.5538444387722173e-05, "qz": 0.25546814449890765}, "23": {"x": -3.9445588660668696, "y": 0.0023201164603806916, "z": -1.1067705599858085e-17, "type": "support", "rx": 0.09337058001328491, "ry": 0.00021247004610959748, "rz": -0.109892783265584, "qx": 0.0, "qy": 0.0, "qz": 0.0}, "24": {"x": -4.813057083132729, "y": -1.2024799484482505, "z": 1.2198433083961024, "rx": 0.0, "ry": 0.0, "rz": 0.0, "qx": 0.990617701513888, "qy": 0.32102669019878005, "qz": 0.26631712912920696}, "25": {"x": -3.84561643595828, "y": -0.8594202718964261, "z": 1.5453040265812726e-17, "type": "support", "rx": 0.07057310961199281, "ry": 0.025025605681814, "rz": -0.08898544397976973, "qx": 0.0, "qy": 0.0, "qz": 0.0}, "26": {"x": -4.34111824982001, "y": -2.389999824731449, "z": 1.2929164317708666, "rx": 0.0, "ry": 0.0, "rz": 0.0, "qx": 0.8407536906609795, "qy": 0.6157350602492969, "qz": 0.2565929477836561}, "27": {"x": -3.5331982237647392, "y": -1.7627805407249044, "z": -5.853573154014111e-17, "type": "support", "rx": 0.07383770663415723, "ry": 0.05732304187814885, "rz": -0.1181626659976463, "qx": 0.0, "qy": 0.0, "qz": 0.0}, "28": {"x": -3.540576297131757, "y": -3.4631955075628422, "z": 1.4158624781589246, "rx": 0.0, "ry": 0.0, "rz": 0.0, "qx": 0.5880649307114628, "qy": 0.7954825379071389, "qz": 0.2074529862603801}, "29": {"x": -2.9405471716030007, "y": -2.653410093435072, "z": 8.783396328423334e-17, "type": "support", "rx": 0.08280102651053489, "ry": 0.11174634811927064, "rz": -0.1953819599773582, "qx": 0.0, "qy": 0.0, "qz": 0.0}, "30": {"x": -2.4716774271489372, "y": -4.292848749911127, "z": 1.5496469465273215, "rx": 0.0, "ry": 0.0, "rz": 0.0, "qx": 0.33477184955947864, "qy": 0.8517159116380947, "qz": 0.1542819092382946}, "31": {"x": -2.0871719051794195, "y": -3.411372029699612, "z": 4.6885876291694466e-17, "type": "support", "rx": 0.06272678505593993, "ry": 0.14380079765123888, "rz": -0.2528035759525944, "qx": 0.0, "qy": 0.0, "qz": 0.0}, "32": {"x": -1.2549857657894257, "y": -4.796282238220026, "z": 1.651794213444973, "rx": 0.0, "ry": 0.0, "rz": 0.0, "qx": 0.14113084790977987, "qy": 0.8340399827815805, "qz": 0.11778834770840063}, "33": {"x": -1.078865186078583, "y": -3.9235951482855698, "z": -6.442683933334183e-17, "type": "support", "rx": 0.03256655360277183, "ry": 0.16136905147290825, "rz": -0.30543417970360176, "qx": 0.0, "qy": 0.0, "qz": 0.0}, "34": {"x": 4.937344977307134e-10, "y": -4.960467320794201, "z": 1.6898732434036248, "rx": 0.0, "ry": 0.0, "rz": 0.0, "qx": 7.286483682028807e-05, "qy": 0.8150401335298346, "qz": 0.1043276335478181}, "35": {"x": -0.006333141445349773, "y": -4.089318114367051, "z": -1.2607239312325174e-17, "type": "support", "rx": -0.0012487158971356143, "ry": 0.17176590597619668, "rz": -0.33319505602101573, "qx": 0.0, "qy": 0.0, "qz": 0.0}, "36": {"x": 1.2549857679451966, "y": -4.796282237482123, "z": 1.6517942134449732, "rx": 0.0, "ry": 0.0, "rz": 0.0, "qx": -0.14110755623466475, "qy": 0.8340926688063052, "qz": 0.11778494160751854},