{"attributes": {"name": "Network", "gkey_node": {"0.000,0.000,0.000": 39}, "tol": "3f"}, "dna": {"x": 0.0, "y": 0.0, "z": 0.0, "qx": 0.0, "qy": 0.0, "qz": 0.0, "rx": 0.0, "ry": 0.0, "rz": 0.0, "_k": null, "type": null}, "dea": {"type": null, "length": 0.0, "force": 0.0}, "node": {"0": {"x": 4.7242057786082645, "y": 1.4509285155251206, "z": 1.2292444446101278, "rx": 0.0, "ry": 0.0, "rz": 0.0, "qx": -0.3994904871274257, "qy": -0.25965012932825005, "qz": 0.09807536628382812}, "1": {"x": 3.8132817924017597, "y": 1.043015992658799, "z": 8.486498434732287e-17, "type": "support", "rx": -0.02228019945517029, "ry": -0.009977091949868844, "rz": -0.03006596798392451, "qx": 0.0, "qy": 0.0, "qz": 0.0}, "2": {"x": 4.035912493097218, "y": 2.838502939077325, "z": 1.3325384224017613, "rx": 0.0, "ry": 0.0, "rz": 0.0, "qx": -0.22548494939054453, "qy": -0.39968090918595167, "qz": 0.06764254830809803}, "3": {"x": 3.344580388440218, "y": 2.1232890097284973, "z": -1.8286648550391773e-17, "type": "support", "rx": -0.020465905799226664, "ry": -0.021172893325430264, "rz": -0.03944790881692842, "qx": 0.0, "qy": 0.0, "qz": 0.0}, "4": {"x": 2.9100858510760355, "y": 3.9827446950137215, "z": 1.4907939777916335, "rx": 0.0, "ry": 0.0, "rz": 0.0, "qx": -0.0667030933601831, "qy": -0.3789390383782004, "qz": 0.035905509907083646}, "5": {"x": 2.477119530660836, "y": 3.094096106753924, "z": -2.0150440053951836e-17, "type": "support", "rx": -0.019058160146189315, "ry": -0.039116222925836885, "rz": -0.06562124819889367, "qx": 0.0, "qy": 0.0, "qz": 0.0}, "6": {"x": 1.5031309278955334, "y": 4.703879600197082, "z": 1.6299615775982386, "rx": 0.0, "ry": 0.0, "rz": 0.0, "qx": -0.003378794899434874, "qy": -0.3009297628252602, "qz": 0.02353823644962506}, "7": {"x": 1.2916396019940992, "y": 3.7201256297093974, "z": -5.493444964420768e-17, "type": "support", "rx": -0.011098107350315353, "ry": -0.05162295486226959, "rz": -0.08553300466566295, "qx": 0.0, "qy": 0.0, "qz": 0.0}, "8": {"x": -3.315899499423125e-09, "y": 4.942414584477284, "z": 1.684923155196477, "rx": 0.0, "ry": 0.0, "rz": 0.0, "qx": 0.0001566761788668571, "qy": -0.26455848142368016, "qz": 0.021217798268426718}, "9": {"x": -0.006426161649545555, "y": 3.914331020018237, "z": -6.772187580880215e-17, "type": "support", "rx": -0.0003646813842025519, "ry": -0.058343246135066196, "rz": -0.09561857592191504, "qx": 0.0, "qy": 0.0, "qz": 0.0}, "10": {"x": -1.5031309316878203, "y": 4.703879599449433, "z": 1.6299615775982383, "rx": 0.0, "ry": 0.0, "rz": 0.0, "qx": 0.003519995934314806, "qy": -0.3010460873948534, "qz": 0.02357655239637287}, "11": {"x": -1.2915693251881595, "y": 3.722819659284994, "z": -1.588743009385282e-18, "type": "support", "rx": 0.011106530961844139, "ry": -0.0515035444338941, "rz": -0.08556948979417105, "qx": 0.0, "qy": 0.0, "qz": 0.0}, "12": {"x": -2.910085851333433, "y": 3.982744694997119, "z": 1.490793977791634, "rx": 0.0, "ry": 0.0, "rz": 0.0, "qx": 0.06653877824180451, "qy": -0.3788370733100861, "qz": 0.03586349024900861}, "13": {"x": -2.4718380860860947, "y": 3.091723685460954, "z": -4.934323757570337e-17, "type": "support", "rx": 0.019276756266910958, "ry": -0.03919242992564215, "rz": -0.06557403011022545, "qx": 0.0, "qy": 0.0, "qz": 0.0}, "14": {"x": -4.0359124915381654, "y": 2.838502942071667, "z": 1.3325384224017616, "rx": 0.0, "ry": 0.0, "rz": 0.0, "qx": 0.22544688384279774, "qy": -0.39948267282097677, "qz": 0.06761145943885864}, "15": {"x": -3.3387790914935422, "y": 2.1230093015406712, "z": 5.316597813785564e-17, "type": "support", "rx": 0.020612852184814734, "ry": -0.02115572808661348, "rz": -0.039400518652234345, "qx": 0.0, "qy": 0.0, "qz": 0.0}, "16": {"x": -4.72420577717314, "y": 1.4509285189447323, "z": 1.2292444446101278, "rx": 0.0, "ry": 0.0, "rz": 0.0, "qx": 0.39955847947702966, "qy": -0.25969258632825476, "qz": 0.09807861677621958}, "17": {"x": -3.8222313294913315, "y": 1.0286213280768264, "z": -5.6269970650299e-17, "type": "support", "rx": 0.02207805379422717, "ry": -0.010337012208753549, "rz": -0.030088795801376536, "qx": 0.0, "qy": 0.0, "qz": 0.0}, "18": {"x": -4.947158871838186, "y": 0.0, "z": 1.2000000000000002, "rx": 0.0, "ry": 0.0, "rz": 0.0, "qx": 0.46641736501485254, "qy": -4.962862955874715e-05, "qz": 0.10555973663939594}, "19": {"x": -3.9833363634203587, "y": 0.00821965825500764, "z": 2.2952465943496608e-17, "type": "support", "rx": 0.03224826837577238, "ry": 0.00027501925204024056, "rz": -0.04015046516650855, "qx": 0.0, "qy": 0.0, "qz": 0.0}, "20": {"x": -4.72420577717314, "y": -1.4509285189447323, "z": 1.2292444446101278, "rx": 0.0, "ry": 0.0, "rz": 0.0, "qx": 0.39946176296835423, "qy": 0.2596102797787122, "qz": 0.09806910870303925}, "21": {"x": -3.8071676194472532, "y": -1.050677722988455, "z": 4.682811754095806e-17, "type": "support", "rx": 0.022413448872719732, "ry": 0.009782581756115905, "rz": -0.030044123332520434, "qx": 0.0, "qy": 0.0, "qz": 0.0}, "22": {"x": -4.0359124915381654, "y": -2.838502942071667, "z": 1.3325384224017616, "rx": 0.0, "ry": 0.0, "rz": 0.0, "qx": 0.22553315472890026, "qy": 0.3995038043287602, "qz": 0.06765654696287784}, "23": {"x": -3.350366350555791, "y": -2.1108148440523924, "z": 3.3690508046642218e-18, "type": "support", "rx": 0.020310089790695235, "ry": 0.02155859354588896, "rz": -0.0394779773243986, "qx": 0.0, "qy": 0.0, "qz": 0.0}, "24": {"x": -2.910085851333433, "y": -3.982744694997119, "z": 1.490793977791634, "rx": 0.0, "ry": 0.0, "rz": 0.0, "qx": 0.06683531228292891, "qy": 0.3788700137021204, "qz": 0.035933114047000156}, "25": {"x": -2.485022233344951, "y": -3.0909117132743953, "z": -4.82023857351441e-17, "type": "support", "rx": 0.018723774932228904, "ry": 0.03928466074310638, "rz": -0.06566850167649298, "qx": 0.0, "qy": 0.0, "qz": 0.0}, "26": {"x": -1.5031309316878205, "y": -4.703879599449433, "z": 1.6299615775982388, "rx": 0.0, "ry": 0.0, "rz": 0.0, "qx": 0.003522490159864881, "qy": 0.30090642280520546, "qz": 0.023539276616148387}, "27": {"x": -1.301903972720502, "y": -3.7199339370555005, "z": 3.122019221907254e-16, "type": "support", "rx": 0.010559769338730103, "ry": 0.05163442955181474, "rz": -0.08553534963088838, "qx": 0.0, "qy": 0.0, "qz": 0.0}, "28": {"x": -3.315900221068091e-09, "y": -4.942414584477285, "z": 1.684923155196477, "rx": 0.0, "ry": 0.0, "rz": 0.0, "qx": 0.00012693431541474943, "qy": 0.2647690957645838, "qz": 0.02122401745321181}, "29": {"x": 0.0026404092984014275, "y": -3.9208551178863464, "z": 2.7262938842975473e-16, "type": "support", "rx": 0.00014978647413608907, "ry": 0.05795146932422568, "rz": -0.09558305290625388, "qx": 0.0, "qy": 0.0, "qz": 0.0}, "30": {"x": 1.5031309278955334, "y": -4.703879600197082, "z": 1.6299615775982388, "rx": 0.0, "ry": 0.0, "rz": 0.0, "qx": -0.003341105029612555, "qy": 0.30088759139534577, "qz": 0.0235219244281867}, "31": {"x": 1.292657008566746, "y": -3.7202970941125466, "z": 2.456666507827083e-16, "type": "support", "rx": -0.011041176418016718, "ry": 0.05159740459049361, "rz": -0.08550557423097085, "qx": 0.0, "qy": 0.0, "qz": 0.0}, "32": {"x": 2.910085851076037, "y": -3.982744695013721, "z": 1.490793977791634, "rx": 0.0, "ry": 0.0, "rz": 0.0, "qx": -0.06686567414499871, "qy": 0.37908684516613733, "qz": 0.035964880254809956}, "33": {"x": 2.482023334208358, "y": -3.100002655836786, "z": 4.285311133423356e-17, "type": "support", "rx": -0.018858071059082854, "ry": 0.03888874041915741, "rz": -0.065676151636369, "qx": 0.0, "qy": 0.0, "qz": 0.0}, "34": {"x": 4.03591249309722, "y": -2.838502939077325, "z": 1.3325384224017616, "rx": 0.0, "ry": 0.0, "rz": 0.0, "qx": -0.2256447473696557, "qy": 0.3997702255173147, "qz": 0.0677145594296375}, "35": {"x": 3.354476912754225, "y": -2.12828775459729, "z": -8.101335726430177e-17, "type": "support", "rx": -0.020215739544614614, "ry": 0.02106952675240714, "rz": -0.03953161598475169, "qx": 0.0, "qy": 0.0, "qz": 0.0}, "36": {"x": 4.724205778608265, "y": -1.450928515525121, "z": 1.2292444446101278, "rx": 0.0, "ry": 0.0, "rz": 0.0, "qx": -0.39958467610327814,