{"attributes": {"name": "Network", "gkey_node": {"0.000,0.000,0.000": 39}, "tol": "3f"}, "dna": {"x": 0.0, "y": 0.0, "z": 0.0, "qx": 0.0, "qy": 0.0, "qz": 0.0, "rx": 0.0, "ry": 0.0, "rz": 0.0, "_k": null, "type": null}, "dea": {"type": null, "length": 0.0, "force": 0.0}, "node": {"0": {"x": 4.744045469704856, "y": 1.397577083878459, "z": 1.2292444446101276, "rx": 0.0, "ry": 0.0, "rz": 0.0, "qx": -0.23484633256869422, "qy": -0.10600473430938082, "qz": 0.060354029873196824}, "1": {"x": 3.8145732346651773, "y": 0.9715854033484014, "z": 2.068262755880972e-17, "type": "support", "rx": -0.014490847184319866, "ry": -0.006641382186192091, "rz": -0.019164416888966113, "qx": 0.0, "qy": 0.0, "qz": 0.0}, "2": {"x": 4.084293876564676, "y": 2.769492238967123, "z": 1.3325384224017613, "rx": 0.0, "ry": 0.0, "rz": 0.0, "qx": -0.16121987933734921, "qy": -0.19869945466270147, "qz": 0.046604089109632846}, "3": {"x": 3.377360048714642, "y": 2.013206749373908, "z": 1.3466264792948178e-17, "type": "support", "rx": -0.014503500198270569, "ry": -0.015516002086960856, "rz": -0.027338444578729297, "qx": 0.0, "qy": 0.0, "qz": 0.0}, "4": {"x": 2.968742638380788, "y": 3.936458619958829, "z": 1.4907939777916335, "rx": 0.0, "ry": 0.0, "rz": 0.0, "qx": -0.08081188501400749, "qy": -0.2144826560083638, "qz": 0.028683723683294048}, "5": {"x": 2.5169372119535085, "y": 3.0203913945245016, "z": -8.659398638269569e-17, "type": "support", "rx": -0.01344646861027722, "ry": -0.0272636592462199, "rz": -0.04436846760624732, "qx": 0.0, "qy": 0.0, "qz": 0.0}, "6": {"x": 1.541582715826522, "y": 4.688014554714803, "z": 1.6299615775982383, "rx": 0.0, "ry": 0.0, "rz": 0.0, "qx": -0.03271932324293076, "qy": -0.1973068404934403, "qz": 0.01946838354561976}, "7": {"x": 1.3386555393252622, "y": 3.7282787878447308, "z": -1.51950044453052e-17, "type": "support", "rx": -0.007292039838977714, "ry": -0.03448740364681979, "rz": -0.05857147852138732, "qx": 0.0, "qy": 0.0, "qz": 0.0}, "8": {"x": -2.4395394038201346e-09, "y": 4.939094787888593, "z": 1.684923155196477, "rx": 0.0, "ry": 0.0, "rz": 0.0, "qx": -0.00010355803346795969, "qy": -0.18869133552827044, "qz": 0.01659591122242951}, "9": {"x": 0.010301925044936482, "y": 3.9786229687669077, "z": -3.327015096428887e-17, "type": "support", "rx": 0.0004044870167262802, "ry": -0.03771123232537091, "rz": -0.06615553657172023, "qx": 0.0, "qy": 0.0, "qz": 0.0}, "10": {"x": -1.5415827185226114, "y": 4.688014554197224, "z": 1.6299615775982388, "rx": 0.0, "ry": 0.0, "rz": 0.0, "qx": 0.03270567475286987, "qy": -0.19773725563343422, "qz": 0.019510128413264972}, "11": {"x": -1.3382276720392365, "y": 3.743735230417048, "z": 7.764716254923883e-17, "type": "support", "rx": 0.007310245207950643, "ry": -0.033945129570193605, "rz": -0.05859416335043021, "qx": 0.0, "qy": 0.0, "qz": 0.0}, "12": {"x": -2.9687426385171287, "y": 3.936458619952623, "z": 1.4907939777916341, "rx": 0.0, "ry": 0.0, "rz": 0.0, "qx": 0.08036798396034589, "qy": -0.214898823718008, "qz": 0.02863432045788572}, "13": {"x": -2.524088258337468, "y": 3.0175279418883414, "z": 5.876953675772178e-17, "type": "support", "rx": 0.013242287799330982, "ry": -0.027366748308303768, "rz": -0.04439745515483237, "qx": 0.0, "qy": 0.0, "qz": 0.0}, "14": {"x": -4.084293875147456, "y": 2.7694922418918884, "z": 1.3325384224017618, "rx": 0.0, "ry": 0.0, "rz": 0.0, "qx": 0.16186348845963264, "qy": -0.1980565097864534, "qz": 0.04673388130669823}, "15": {"x": -3.383556156059179, "y": 2.0209845703757794, "z": 7.98084595139256e-17, "type": "support", "rx": 0.014402599971587604, "ry": -0.015384438820472468, "rz": -0.027388304242553924, "qx": 0.0, "qy": 0.0, "qz": 0.0}, "16": {"x": -4.744045468571705, "y": 1.397577085503853, "z": 1.229244444610128, "rx": 0.0, "ry": 0.0, "rz": 0.0, "qx": 0.23503241087896862, "qy": -0.10595960510618165, "qz": 0.06044689017253515}, "17": {"x": -3.8422877789069263, "y": 0.9623683840960368, "z": 6.12177762837802e-17, "type": "support", "rx": 0.014145640125490494, "ry": -0.0068270065674577995, "rz": -0.019282840322855828, "qx": 0.0, "qy": 0.0, "qz": 0.0}, "18": {"x": -4.951860738114162, "y": 0.0, "z": 1.2000000000000002, "rx": 0.0, "ry": 0.0, "rz": 0.0, "qx": 0.25306184159802336, "qy": 9.983851562059657e-05, "qz": 0.06124594762458703}, "19": {"x": -3.98413000356102, "y": -0.006010891381498208, "z": 2.229114510950435e-17, "type": "support", "rx": 0.01856562530425765, "ry": -0.00011531715708607495, "rz": -0.023021641836555487, "qx": 0.0, "qy": 0.0, "qz": 0.0}, "20": {"x": -4.744045468571705, "y": -1.3975770855038534, "z": 1.2292444446101278, "rx": 0.0, "ry": 0.0, "rz": 0.0, "qx": 0.23496476777364592, "qy": 0.10601534674595577, "qz": 0.06044409943785278}, "21": {"x": -3.838718637942473, "y": -0.9635872185706409, "z": 1.548377752416517e-17, "type": "support", "rx": 0.014200966356882339, "ry": 0.006807569698627905, "rz": -0.01928194151736355, "qx": 0.0, "qy": 0.0, "qz": 0.0}, "22": {"x": -4.0842938751474565, "y": -2.769492241891888, "z": 1.3325384224017616, "rx": 0.0, "ry": 0.0, "rz": 0.0, "qx": 0.16177931210002566, "qy": 0.19815021642555627, "qz": 0.046738164808698246}, "23": {"x": -3.3786856654000568, "y": -2.0269523514112033, "z": -2.700114925459787e-17, "type": "support", "rx": 0.014503629731595358, "ry": 0.015262752734023027, "rz": -0.027390049626205587, "qx": 0.0, "qy": 0.0, "qz": 0.0}, "24": {"x": -2.9687426385171296, "y": -3.936458619952622, "z": 1.4907939777916341, "rx": 0.0, "ry": 0.0, "rz": 0.0, "qx": 0.08057293062698385, "qy": 0.21497338017371226, "qz": 0.028685258120697395}, "25": {"x": -2.5251879464147597, "y": -3.023821357246046, "z": 7.398335790323269e-17, "type": "support", "rx": 0.013219498607843147, "ry": 0.02719981828313278, "rz": -0.0444309332420478, "qx": 0.0, "qy": 0.0, "qz": 0.0}, "26": {"x": -1.541582718522612, "y": -4.688014554197224, "z": 1.6299615775982388, "rx": 0.0, "ry": 0.0, "rz": 0.0, "qx": 0.03296456103039739, "qy": 0.1977710128292874, "qz": 0.019520649988259624}, "27": {"x": -1.3489201591397615, "y": -3.7426363949961745, "z": 1.9324423993578484e-16, "type": "support", "rx": 0.006929010874569173, "ry": 0.034000044257002315, "rz": -0.05862073841687701, "qx": 0.0, "qy": 0.0, "qz": 0.0}, "28": {"x": -2.4395395703535883e-09, "y": -4.9390947878885925, "z": 1.6849231551964772, "rx": 0.0, "ry": 0.0, "rz": 0.0, "qx": 3.971505556384538e-05, "qy": 0.18897362671787196, "qz": 0.016611001840459532}, "29": {"x": -0.008922841170460216, "y": -3.987768355880477, "z": 2.5505984381124684e-16, "type": "support", "rx": -0.00035032914796961543, "ry": 0.03735104807077358, "rz": -0.06615357636227881, "qx": 0.0, "qy": 0.0, "qz": 0.0}, "30": {"x": 1.5415827158265214, "y": -4.688014554714801, "z": 1.6299615775982386, "rx": 0.0, "ry": 0.0, "rz": 0.0, "qx": -0.03273689582100476, "qy": 0.19747024167974384, "qz": 0.01946382144633656}, "31": {"x": 1.3476307433978731, "y": -3.7337205562152724, "z": -6.585601677508315e-17, "type": "support", "rx": -0.006968518659339791, "ry": 0.03428691882721829, "rz": -0.05856304282586672, "qx": 0.0, "qy": 0.0, "qz": 0.0}, "32": {"x": 2.968742638380787, "y": -3.9364586199588287, "z": 1.4907939777916335, "rx": 0.0, "ry": 0.0, "rz": 0.0, "qx": -0.0807886423042329, "qy": 0.21454900951690165, "qz": 0.028655671761448134}, "33": {"x": 2.5268170885722916, "y": -3.015829733769559, "z": -7.946762796184305e-17, "type": "support", "rx": -0.013154237084654685, "ry": 0.02740319187510898, "rz": -0.04437457267800994, "qx": 0.0, "qy": 0.0, "qz": 0.0}, "34": {"x": 4.084293876564675, "y": -2.769492238967123, "z": 1.3325384224017613, "rx": 0.0, "ry": 0.0, "rz": 0.0, "qx": -0.16139905432201693, "qy": 0.19842324285047835, "qz": 0.046623442642945226}, "35": {"x": 3.3842603243362537, "y": -2.000797821819235, "z": 7.366850976244634e-17, "type": "support", "rx": -0.014369016098734033, "ry": 0.015778361508307914, "rz": -0.027351926179425175, "qx": 0.0, "qy": 0.0, "qz": 0.0}, "36": {"x": 4.744045469704856, "y": -1.3975770838784585, "z": 1.2292444446101278, "rx": 0.0, "ry": 0.0, "rz": 0.0,