{"max_vertex": 39, "max_face": 19, "dfa": {}, "vertex": {"0": {"y": 0.0, "z": 1.2000000476837158, "x": -4.9518609046936035}, "1": {"y": -1.3975770473480225, "z": 1.2292444705963135, "x": -4.7440452575683594}, "2": {"y": 1.3975770473480225, "z": 1.2292444705963135, "x": -4.7440452575683594}, "3": {"y": -2.7694921493530273, "z": 1.332538366317749, "x": -4.0842938423156738}, "4": {"y": 2.7694921493530273, "z": 1.332538366317749, "x": -4.0842938423156738}, "5": {"y": 1.1102230246251565e-16, "z": 2.5571214956641757e-17, "x": -3.9728546142578125}, "6": {"y": -0.9717409610748291, "z": 5.114704888982401e-17, "x": -3.8448359966278076}, "7": {"y": 0.9717409610748291, "z": 2.8231975400177804e-17, "x": -3.8448359966278076}, "8": {"y": -2.0227134227752686, "z": 6.8986413100669279e-17, "x": -3.3921687602996826}, "9": {"y": 2.0227134227752686, "z": 4.9899045103718304e-17, "x": -3.3921687602996826}, "10": {"y": -3.9364585876464844, "z": 1.4907939434051514, "x": -2.9687426090240479}, "11": {"y": 3.9364585876464844, "z": 1.4907939434051514, "x": -2.9687426090240479}, "12": {"y": -3.0176565647125244, "z": 9.4669491000269032e-17, "x": -2.5302450656890869}, "13": {"y": 3.0176565647125244, "z": 6.8291157869651109e-17, "x": -2.5302450656890869}, "14": {"y": -4.6880145072937012, "z": 1.6299616098403931, "x": -1.5415827035903931}, "15": {"y": 4.6880145072937012, "z": 1.6299616098403931, "x": -1.5415827035903931}, "16": {"y": -3.7049455642700195, "z": 1.1561993112576299e-16, "x": -1.3365894556045532}, "17": {"y": 3.7049455642700195, "z": 7.6989239943332013e-17, "x": -1.3365894556045532}, "18": {"y": -4.9390950202941895, "z": 1.6849231719970703, "x": -2.4395396813758907e-09}, "19": {"y": 4.9390950202941895, "z": 1.6849231719970703, "x": -2.4395394593312858e-09}, "20": {"y": -3.9417402744293213, "z": 1.1162472817647067e-16, "x": -2.1271637784536779e-09}, "21": {"y": 3.9417402744293213, "z": 6.8374074454253424e-17, "x": -2.1271637784536779e-09}, "22": {"y": -3.7049455642700195, "z": 9.4745055603586976e-17, "x": 1.3365894556045532}, "23": {"y": 3.7049455642700195, "z": 4.2752525557337816e-17, "x": 1.3365894556045532}, "24": {"y": -4.6880145072937012, "z": 1.6299616098403931, "x": 1.5415827035903931}, "25": {"y": 4.6880145072937012, "z": 1.6299616098403931, "x": 1.5415827035903931}, "26": {"y": -3.0176565647125244, "z": 8.1416019414140198e-17, "x": 2.5302450656890869}, "27": {"y": 3.0176565647125244, "z": 9.921899925856171e-18, "x": 2.5302450656890869}, "28": {"y": -3.9364585876464844, "z": 1.4907939434051514, "x": 2.9687426090240479}, "29": {"y": 3.9364585876464844, "z": 1.4907939434051514, "x": 2.9687426090240479}, "30": {"y": -2.0227134227752686, "z": 5.0025805569508381e-17, "x": 3.3921687602996826}, "31": {"y": 2.0227134227752686, "z": 3.1073999240065046e-18, "x": 3.3921687602996826}, "32": {"y": -0.9717409610748291, "z": 3.1628243337700077e-17, "x": 3.8448359966278076}, "33": {"y": 0.9717409610748291, "z": 7.4627066471918926e-19, "x": 3.8448359966278076}, "34": {"y": 4.9960036108132044e-16, "z": 1.835428745088198e-17, "x": 3.9728546142578125}, "35": {"y": -2.7694921493530273, "z": 1.332538366317749, "x": 4.0842938423156738}, "36": {"y": 2.7694921493530273, "z": 1.332538366317749, "x": 4.0842938423156738}, "37": {"y": -1.3975770473480225, "z": 1.2292444705963135, "x": 4.7440452575683594}, "38": {"y": 1.3975770473480225, "z": 1.2292444705963135, "x": 4.7440452575683594}, "39": {"y": 7.7715611723760958e-16, "z": 1.2000000476837158, "x": 4.9518609046936035}}, "dea": {}, "face": {"0": [31, 36, 38, 33], "1": [27, 29, 36, 31], "2": [23, 25, 29, 27], "3": [19, 25, 23, 21], "4": [15, 19, 21, 17], "5": [11, 15, 17, 13], "6": [4, 11, 13, 9], "7": [2, 4, 9, 7], "8": [0, 2, 7, 5], "9": [0, 5, 6, 1], "10": [1, 6, 8, 3], "11": [3, 8, 12, 10], "12": [10, 12, 16, 14], "13": [14, 16, 20, 18], "14": [18, 20, 22, 24], "15": [22, 26, 28, 24], "16": [26, 30, 35, 28], "17": [30, 32, 37, 35], "18": [32, 34, 39, 37], "19": [33, 38, 39, 34]}, "facedata": {"0": {}, "1": {}, "2": {}, "3": {}, "4": {}, "5": {}, "6": {}, "7": {}, "8": {}, "9": {}, "10": {}, "11": {}, "12": {}, "13": {}, "14": {}, "15": {}, "16": {}, "17": {}, "18": {}, "19": {}}, "attributes": {"name": null}, "dva": {"y": 0.0, "z": 0.0, "x": 0.0}, "edgedata": {}}