{"max_vertex": 39, "max_face": 19, "dfa": {}, "vertex": {"0": {"y": 0.0, "z": 1.2000000476837158, "x": -4.9471588134765625}, "1": {"y": -1.4509285688400269, "z": 1.2292444705963135, "x": -4.7242059707641602}, "2": {"y": 1.4509285688400269, "z": 1.2292444705963135, "x": -4.7242059707641602}, "3": {"y": -2.8385028839111328, "z": 1.332538366317749, "x": -4.0359125137329102}, "4": {"y": 2.8385028839111328, "z": 1.332538366317749, "x": -4.0359125137329102}, "5": {"y": 0.0, "z": 4.8321009488093742e-17, "x": -3.9675605297088623}, "6": {"y": -1.0424882173538208, "z": 6.9363640547217962e-17, "x": -3.821876049041748}, "7": {"y": 1.0424882173538208, "z": 6.6163265522360497e-17, "x": -3.821876049041748}, "8": {"y": -2.1147317886352539, "z": 6.5448197661310457e-17, "x": -3.3349449634552002}, "9": {"y": 2.1147317886352539, "z": 8.3579467292880789e-17, "x": -3.3349449634552002}, "10": {"y": -3.9827446937561035, "z": 1.4907939434051514, "x": -2.910085916519165}, "11": {"y": 3.9827446937561035, "z": 1.4907939434051514, "x": -2.910085916519165}, "12": {"y": -3.0793514251708984, "z": 8.7143894431490192e-17, "x": -2.4598135948181152}, "13": {"y": 3.0793514251708984, "z": 6.5626610593270794e-17, "x": -2.4598135948181152}, "14": {"y": -4.7038798332214355, "z": 1.6299616098403931, "x": -1.5031309127807617}, "15": {"y": 4.7038798332214355, "z": 1.6299616098403931, "x": -1.5031309127807617}, "16": {"y": -3.7259674072265625, "z": 1.6846224035890013e-16, "x": -1.2901517152786255}, "17": {"y": 3.7259674072265625, "z": 6.0651132443654133e-17, "x": -1.2901517152786255}, "18": {"y": -4.9424147605895996, "z": 1.6849231719970703, "x": -3.315900221068091e-09}, "19": {"y": 4.9424147605895996, "z": 1.6849231719970703, "x": -3.3158995549342762e-09}, "20": {"y": -3.9461112022399902, "z": 1.6762553062569049e-16, "x": -2.8607214375142576e-09}, "21": {"y": 3.9461112022399902, "z": 4.4389112325441332e-17, "x": -2.8607207713804428e-09}, "22": {"y": -3.7259674072265625, "z": 1.3013988902160442e-16, "x": 1.2901517152786255}, "23": {"y": 3.7259674072265625, "z": 1.1592165352599783e-17, "x": 1.2901517152786255}, "24": {"y": -4.7038798332214355, "z": 1.6299616098403931, "x": 1.5031309127807617}, "25": {"y": 4.7038798332214355, "z": 1.6299616098403931, "x": 1.5031309127807617}, "26": {"y": -3.0793514251708984, "z": 1.064446253956431e-16, "x": 2.4598135948181152}, "27": {"y": 3.0793514251708984, "z": -5.040063750100311e-17, "x": 2.4598135948181152}, "28": {"y": -3.9827446937561035, "z": 1.4907939434051514, "x": 2.910085916519165}, "29": {"y": 3.9827446937561035, "z": 1.4907939434051514, "x": 2.910085916519165}, "30": {"y": -2.1147317886352539, "z": 5.3526516639894049e-17, "x": 3.3349449634552002}, "31": {"y": 2.1147317886352539, "z": -5.056583208677485e-17, "x": 3.3349449634552002}, "32": {"y": -1.0424882173538208, "z": 3.6180592134216262e-17, "x": 3.821876049041748}, "33": {"y": 1.0424882173538208, "z": -4.6406217891750879e-19, "x": 3.821876049041748}, "34": {"y": -1.6653345369377348e-16, "z": 2.0917774763104241e-17, "x": 3.9675605297088623}, "35": {"y": -2.8385028839111328, "z": 1.332538366317749, "x": 4.0359125137329102}, "36": {"y": 2.8385028839111328, "z": 1.332538366317749, "x": 4.0359125137329102}, "37": {"y": -1.4509285688400269, "z": 1.2292444705963135, "x": 4.7242059707641602}, "38": {"y": 1.4509285688400269, "z": 1.2292444705963135, "x": 4.7242059707641602}, "39": {"y": -3.3306690738754696e-16, "z": 1.2000000476837158, "x": 4.9471588134765625}}, "dea": {}, "face": {"0": [31, 36, 38, 33], "1": [27, 29, 36, 31], "2": [23, 25, 29, 27], "3": [19, 25, 23, 21], "4": [15, 19, 21, 17], "5": [11, 15, 17, 13], "6": [4, 11, 13, 9], "7": [2, 4, 9, 7], "8": [0, 2, 7, 5], "9": [0, 5, 6, 1], "10": [1, 6, 8, 3], "11": [3, 8, 12, 10], "12": [10, 12, 16, 14], "13": [14, 16, 20, 18], "14": [18, 20, 22, 24], "15": [22, 26, 28, 24], "16": [26, 30, 35, 28], "17": [30, 32, 37, 35], "18": [32, 34, 39, 37], "19": [33, 38, 39, 34]}, "facedata": {"0": {}, "1": {}, "2": {}, "3": {}, "4": {}, "5": {}, "6": {}, "7": {}, "8": {}, "9": {}, "10": {}, "11": {}, "12": {}, "13": {}, "14": {}, "15": {}, "16": {}, "17": {}, "18": {}, "19": {}}, "attributes": {"name": null}, "dva": {"y": 0.0, "z": 0.0, "x": 0.0}, "edgedata": {}}