{"node": {"21": {"z": 6.9363637900567537e-17, "x": -3.821876000083047, "y": -1.042488200226555, "_k": 1, "type": "support"}, "36": {"type": "_origin", "z": 1.2292444446101278, "qy": -0.20618597521630957, "x": 4.7242057786082654, "qz": -0.29999999999999999, "y": -1.450928515525121, "_k": 0, "is_interface": true, "qx": 0.45550778656802271}, "10": {"type": "_origin", "z": 1.6299615775982383, "qy": 0.48854773764957632, "x": -1.5031309316878203, "qz": -0.29999999999999999, "y": 4.7038795994494329, "_k": 0, "is_interface": true, "qx": -0.10640069566257856}, "14": {"type": "_origin", "z": 1.3325384224017616, "qy": 0.35916618586609106, "x": -4.0359124915381654, "qz": -0.29999999999999999, "y": 2.838502942071667, "_k": 0, "is_interface": true, "qx": -0.34785004086589449}, "13": {"z": 6.5626611082588592e-17, "x": -2.459813545004534, "y": 3.0793515404345242, "_k": 1, "type": "support"}, "31": {"z": 1.3013988928735792e-16, "x": 1.2901516597302851, "y": -3.7259673859302747, "_k": 1, "type": "support"}, "3": {"z": -5.0565831342422062e-17, "x": 3.3349449092859222, "y": 2.1147317057427788, "_k": 1, "type": "support"}, "1": {"z": -4.6406215899315068e-19, "x": 3.8218760010595973, "y": 1.0424881976277134, "_k": 1, "type": "support"}, "35": {"z": 5.3526518078633661e-17, "x": 3.3349449092859231, "y": -2.1147317057427788, "_k": 1, "type": "support"}, "9": {"z": 4.4389113640713815e-17, "x": -2.8607207158692916e-09, "y": 3.9461112288279532, "_k": 1, "type": "support"}, "30": {"type": "_origin", "z": 1.6299615775982388, "qy": -0.48854773770624621, "x": 1.5031309278955334, "qz": -0.29999999999999999, "y": -4.703879600197082, "_k": 0, "is_interface": true, "qx": 0.10640069540237433}, "22": {"type": "_origin", "z": 1.3325384224017616, "qy": -0.35916618586609095, "x": -4.0359124915381654, "qz": -0.29999999999999999, "y": -2.838502942071667, "_k": 0, "is_interface": true, "qx": -0.34785004086589455}, "20": {"type": "_origin", "z": 1.2292444446101278, "qy": -0.20618597564715407, "x": -4.7242057771731396, "qz": -0.29999999999999999, "y": -1.4509285189447323, "_k": 0, "is_interface": true, "qx": -0.45550778637300066}, "23": {"z": 6.5448196584447762e-17, "x": -3.3349449081989055, "y": -2.1147317080737533, "_k": 1, "type": "support"}, "24": {"type": "_origin", "z": 1.4907939777916339, "qy": -0.44749544416353376, "x": -2.9100858513334331, "qz": -0.29999999999999999, "y": -3.9827446949971188, "_k": 0, "is_interface": true, "qx": -0.22304221002510188}, "16": {"type": "_origin", "z": 1.2292444446101278, "qy": 0.20618597564715407, "x": -4.7242057771731396, "qz": -0.29999999999999999, "y": 1.4509285189447323, "_k": 0, "is_interface": true, "qx": -0.45550778637300066}, "29": {"z": 1.6762553087052296e-16, "x": -2.8607214375142576e-09, "y": -3.9461112288279532, "_k": 1, "type": "support"}, "33": {"z": 1.0644462624104016e-16, "x": 2.4598135447758778, "y": -3.079351540462111, "_k": 1, "type": "support"}, "7": {"z": 1.1592165410148501e-17, "x": 1.2901516597302853, "y": 3.7259673859302755, "_k": 1, "type": "support"}, "18": {"type": "_origin", "z": 1.2000000000000002, "qy": -0.0, "x": -4.9471588718381856, "qz": -0.29999999999999999, "y": 0.0, "_k": 0, "is_interface": true, "qx": -0.5}, "17": {"z": 6.616326523762617e-17, "x": -3.821876000083047, "y": 1.042488200226555, "_k": 1, "type": "support"}, "34": {"type": "_origin", "z": 1.3325384224017616, "qy": -0.35916618558970048, "x": 4.0359124930972197, "qz": -0.29999999999999999, "y": -2.8385029390773249, "_k": 0, "is_interface": true, "qx": 0.3478500411512766}, "25": {"z": 8.7143891790648249e-17, "x": -2.459813545004534, "y": -3.0793515404345246, "_k": 1, "type": "support"}, "6": {"type": "_origin", "z": 1.6299615775982386, "qy": 0.48854773770624621, "x": 1.5031309278955334, "qz": -0.29999999999999999, "y": 4.703879600197082, "_k": 0, "is_interface": true, "qx": 0.10640069540237432}, "32": {"type": "_origin", "z": 1.4907939777916339, "qy": -0.4474954441681348, "x": 2.9100858510760368, "qz": -0.29999999999999999, "y": -3.9827446950137211, "_k": 0, "is_interface": true, "qx": 0.22304221001587066}, "28": {"type": "_origin", "z": 1.684923155196477, "qy": -0.5, "x": -3.315900221068091e-09, "qz": -0.29999999999999999, "y": -4.9424145844772847, "_k": 0, "is_interface": true, "qx": -2.2843383040558711e-10}, "38": {"type": "_origin", "z": 1.2000000000000002, "qy": -8.500089114224271e-17, "x": 4.9471588720283091, "qz": -0.29999999999999999, "y": -3.3306690738754696e-16, "_k": 0, "is_interface": true, "qx": 0.5}, "19": {"z": 4.8321011076700502e-17, "x": -3.9675605909050908, "y": 0.0, "_k": 1, "type": "support"}, "37": {"z": 3.6180591631805161e-17, "x": 3.8218760010595978, "y": -1.0424881976277134, "_k": 1, "type": "support"}, "4": {"type": "_origin", "z": 1.4907939777916335, "qy": 0.44749544416813486, "x": 2.9100858510760355, "qz": -0.29999999999999999, "y": 3.9827446950137215, "_k": 0, "is_interface": true, "qx": 0.22304221001587035}, "12": {"type": "_origin", "z": 1.4907939777916339, "qy": 0.44749544416353376, "x": -2.9100858513334331, "qz": -0.29999999999999999, "y": 3.9827446949971188, "_k": 0, "is_interface": true, "qx": -0.22304221002510177}, "39": {"z": 2.0917774758582299e-17, "x": 3.9675605910226897, "y": -1.6653345369377348e-16, "_k": 1, "type": "support"}, "2": {"type": "_origin", "z": 1.3325384224017613, "qy": 0.3591661855897007, "x": 4.0359124930972179, "qz": -0.29999999999999999, "y": 2.8385029390773249, "_k": 0, "is_interface": true, "qx": 0.34785004115127638}, "27": {"z": 1.6846224327419363e-16, "x": -1.2901516629889287, "y": -3.7259673852372894, "_k": 1, "type": "support"}, "5": {"z": -5.0400638276474747e-17, "x": 2.4598135447758773, "y": 3.0793515404621119, "_k": 1, "type": "support"}, "0": {"type": "_origin", "z": 1.2292444446101278, "qy": 0.20618597521630949, "x": 4.7242057786082645, "qz": -0.29999999999999999, "y": 1.4509285155251206, "_k": 0, "is_interface": true, "qx": 0.45550778656802282}, "8": {"type": "_origin", "z": 1.684923155196477, "qy": 0.5, "x": -3.315899499423125e-09, "qz": -0.29999999999999999, "y": 4.9424145844772838, "_k": 0, "is_interface": true, "qx": -2.2843383040558732e-10}, "11": {"z": 6.0651130588923385e-17, "x": -1.2901516629889289, "y": 3.7259673852372894, "_k": 1, "type": "support"}, "26": {"type": "_origin", "z": 1.6299615775982388, "qy": -0.48854773764957632, "x": -1.5031309316878205, "qz": -0.29999999999999999, "y": -4.7038795994494329, "_k": 0, "is_interface": true, "qx": -0.10640069566257879}, "15": {"z": 8.3579470243479149e-17, "x": -3.3349449081989055, "y": 2.1147317080737529, "_k": 1, "type": "support"}}, "adjacency": {"21": {"20": null}, "36": {"38": null, "34": null, "37": null}, "10": {"11": null, "8": null, "12": null}, "14": {"15": null, "16": null, "12": null}, "13": {"12": null}, "31": {"30": null}, "3": {"2": null}, "1": {"0": null}, "35": {"34": null}, "9": {"8": null}, "30": {"32": null, "28": null, "31": null}, "22": {"23": null, "24": null, "20": null}, "20": {"22": null, "21": null, "18": null}, "23": {"22": null}, "24": {"22": null, "26": null, "25": null}, "16": {"14": null, "17": null, "18": null}, "29": {"28": null}, "33": {"32": null}, "7": {"6": null}, "18": {"19": null, "20": null, "16": null}, "17": {"16": null}, "34": {"35": null, "32": null, "36": null}, "25": {"24": null}, "6": {"8": null, "7": null, "4": null}, "32": {"30": null, "33": null, "34": null}, "28": {"29": null, "30": null, "26": null}, "38": {"0": null, "36": null, "39": null}, "19": {"18": null}, "37": {"36": null}, "4": {"2": null, "6": null, "5": null}, "12": {"10": null, "14": null, "13": null}, "39": {"38": null}, "2": {"3": null, "0": null, "4": null}, "27": {"26": null}, "5": {"4": null}, "0": {"1": null, "2": null, "38": null}, "8": {"10": null, "6": null, "9": null}, "11": {"10": null}, "26": {"24": null, "27": null, "28": null}, "15": {"14": null}}, "max_node": 39, "dna": {"qx": 0.0, "qy": 0.0, "z": 0.0, "rx": 0.0, "rz": 0.0, "x": 0.0, "qz": 0.0, "y": 0.0, "_k": null, "ry": 0.0, "type": null}, "edge": {"21": {},