{"max_vertex": 47, "max_face": 23, "dfa": {}, "vertex": {"0": {"y": 1.1102230246251565e-16, "z": 1.2000000476837158, "x": -4.9641408920288086}, "1": {"y": -1.2024799585342407, "z": 1.2198432683944702, "x": -4.8130569458007813}, "2": {"y": 1.2024799585342407, "z": 1.2198432683944702, "x": -4.8130569458007813}, "3": {"y": -2.3899998664855957, "z": 1.2929164171218872, "x": -4.341118335723877}, "4": {"y": 2.3899998664855957, "z": 1.2929164171218872, "x": -4.341118335723877}, "5": {"y": -2.7755575615628914e-17, "z": 4.730313396584519e-17, "x": -3.9780395030975342}, "6": {"y": -0.85679727792739868, "z": 6.3884786598915832e-17, "x": -3.8813009262084961}, "7": {"y": 0.85679727792739868, "z": 4.4178307000693418e-17, "x": -3.8813009262084961}, "8": {"y": -1.7528673410415649, "z": 8.1233563223345701e-17, "x": -3.5590715408325195}, "9": {"y": 1.7528673410415649, "z": 3.9302520658501648e-17, "x": -3.5590715408325195}, "10": {"y": -3.4631955623626709, "z": 1.4158624410629272, "x": -3.5405762195587158}, "11": {"y": 3.4631955623626709, "z": 1.4158624410629272, "x": -3.5405762195587158}, "12": {"y": -2.6287870407104492, "z": 8.0084410829162533e-17, "x": -2.9626126289367676}, "13": {"y": 2.6287870407104492, "z": 2.3793446655948915e-17, "x": -2.9626126289367676}, "14": {"y": -4.2928485870361328, "z": 1.5496469736099243, "x": -2.4716775417327881}, "15": {"y": 4.2928485870361328, "z": 1.5496469736099243, "x": -2.4716775417327881}, "16": {"y": -3.3526463508605957, "z": 8.5867468719537165e-17, "x": -2.1045093536376953}, "17": {"y": 3.3526463508605957, "z": 5.3311638277809924e-17, "x": -2.1045093536376953}, "18": {"y": -4.7962822914123535, "z": 1.6517941951751709, "x": -1.2549858093261719}, "19": {"y": 4.7962822914123535, "z": 1.6517941951751709, "x": -1.2549858093261719}, "20": {"y": -3.81070876121521, "z": 9.2323381789942031e-17, "x": -1.0801280736923218}, "21": {"y": 3.81070876121521, "z": 7.6248728006639841e-17, "x": -1.0801280736923218}, "22": {"y": -3.9629886150360107, "z": 1.0111278460324879e-16, "x": 4.2644471287545116e-10}, "23": {"y": 3.9629886150360107, "z": 6.7752647574447449e-18, "x": 4.2644721087725657e-10}, "24": {"y": -4.9604673385620117, "z": 1.689873218536377, "x": 4.9373449773071343e-10}, "25": {"y": 4.9604673385620117, "z": 1.689873218536377, "x": 4.9373743982172869e-10}, "26": {"y": -3.81070876121521, "z": 1.1744616062982287e-16, "x": 1.0801280736923218}, "27": {"y": 3.81070876121521, "z": -5.0897342915228952e-17, "x": 1.0801280736923218}, "28": {"y": -4.7962822914123535, "z": 1.6517941951751709, "x": 1.2549858093261719}, "29": {"y": 4.7962822914123535, "z": 1.6517941951751709, "x": 1.2549858093261719}, "30": {"y": -3.3526463508605957, "z": 1.0591942526367603e-16, "x": 2.1045093536376953}, "31": {"y": 3.3526463508605957, "z": -3.8619974230414742e-17, "x": 2.1045093536376953}, "32": {"y": -4.2928485870361328, "z": 1.5496469736099243, "x": 2.4716775417327881}, "33": {"y": 4.2928485870361328, "z": 1.5496469736099243, "x": 2.4716775417327881}, "34": {"y": -2.6287870407104492, "z": 9.642762037885864e-17, "x": 2.9626126289367676}, "35": {"y": 2.6287870407104492, "z": -1.1509999020813054e-17, "x": 2.9626126289367676}, "36": {"y": -3.4631955623626709, "z": 1.4158624410629272, "x": 3.5405762195587158}, "37": {"y": 3.4631955623626709, "z": 1.4158624410629272, "x": 3.5405762195587158}, "38": {"y": -1.7528673410415649, "z": 7.2884657247280582e-17, "x": 3.5590715408325195}, "39": {"y": 1.7528673410415649, "z": 5.9535456048860986e-18, "x": 3.5590715408325195}, "40": {"y": -0.85679727792739868, "z": 3.5151007043216409e-17, "x": 3.8813009262084961}, "41": {"y": 0.85679727792739868, "z": 1.9428301239762668e-19, "x": 3.8813009262084961}, "42": {"y": 9.9920072216264089e-16, "z": 6.2807662610931944e-18, "x": 3.9780395030975342}, "43": {"y": -2.3899998664855957, "z": 1.2929164171218872, "x": 4.341118335723877}, "44": {"y": 2.3899998664855957, "z": 1.2929164171218872, "x": 4.341118335723877}, "45": {"y": -1.2024799585342407, "z": 1.2198432683944702, "x": 4.8130569458007813}, "46": {"y": 1.2024799585342407, "z": 1.2198432683944702, "x": 4.8130569458007813}, "47": {"y": 1.4988010832439613e-15, "z": 1.2000000476837158, "x": 4.9641408920288086}}, "dea": {}, "face": {"0": [39, 44, 46, 41], "1": [35, 37, 44, 39], "2": [31, 33, 37, 35], "3": [27, 29, 33, 31], "4": [23, 25, 29, 27], "5": [19, 25, 23, 21], "6": [15, 19, 21, 17], "7": [11, 15, 17, 13], "8": [4, 11, 13, 9], "9": [2, 4, 9, 7], "10": [0, 2, 7, 5], "11": [0, 5, 6, 1], "12": [1, 6, 8, 3], "13": [3, 8, 12, 10], "14": [10, 12, 16, 14], "15": [14, 16, 20, 18], "16": [18, 20, 22, 24], "17": [22, 26, 28, 24], "18": [26, 30, 32, 28], "19": [30, 34, 36, 32], "20": [34, 38, 43, 36], "21": [38, 40, 45, 43], "22": [40, 42, 47, 45], "23": [41, 46, 47, 42]}, "facedata": {"0": {}, "1": {}, "2": {}, "3": {}, "4": {}, "5": {}, "6": {}, "7": {}, "8": {}, "9": {}, "10": {}, "11": {}, "12": {}, "13": {}, "14": {}, "15": {}, "16": {}, "17": {}, "18": {}, "19": {}, "20": {}, "21": {}, "22": {}, "23": {}}, "attributes": {"name": null}, "dva": {"y": 0.0, "z": 0.0, "x": 0.0}, "edgedata": {}}