{"node": {"21": {"z": 5.1147048072484733e-17, "x": -3.844836070461465, "y": -0.97174095307071029, "_k": 1, "type": "support"}, "36": {"type": "_origin", "z": 1.2292444446101278, "qy": 0.085600003242576328, "x": 4.7440454697048562, "qz": 0.10000000000000001, "y": -1.3975770838784585, "_k": 0, "is_interface": true, "qx": -0.18075574526103155}, "10": {"type": "_origin", "z": 1.6299615775982388, "qy": -0.19578863777838715, "x": -1.5415827185226114, "qz": 0.10000000000000001, "y": 4.688014554197224, "_k": 0, "is_interface": true, "qx": 0.040826576110219337}, "14": {"type": "_origin", "z": 1.3325384224017618, "qy": -0.14668718106721446, "x": -4.0842938751474556, "qz": 0.10000000000000001, "y": 2.7694922418918884, "_k": 0, "is_interface": true, "qx": 0.135951722720068}, "13": {"z": 6.8291160782392477e-17, "x": -2.5302450156876115, "y": 3.0176564505861778, "_k": 1, "type": "support"}, "31": {"z": 9.4745058465665232e-17, "x": 1.3365895032918251, "y": -3.7049455410934389, "_k": 1, "type": "support"}, "3": {"z": 3.1073999970423229e-18, "x": 3.3921688361009878, "y": 2.0227133902745216, "_k": 1, "type": "support"}, "1": {"z": 7.4627065159622945e-19, "x": 3.8448360712196745, "y": 0.97174095172713937, "_k": 1, "type": "support"}, "35": {"z": 5.0025804312867842e-17, "x": 3.3921688361009883, "y": -2.022713390274522, "_k": 1, "type": "support"}, "9": {"z": 6.8374074511576027e-17, "x": -2.1271637784536779e-09, "y": 3.941740184390814, "_k": 1, "type": "support"}, "30": {"type": "_origin", "z": 1.6299615775982386, "qy": 0.19578863779266265, "x": 1.5415827158265214, "qz": 0.10000000000000001, "y": -4.6880145547148011, "_k": 0, "is_interface": true, "qx": -0.040826576041759405}, "22": {"type": "_origin", "z": 1.3325384224017616, "qy": 0.14668718106721446, "x": -4.0842938751474565, "qz": 0.10000000000000001, "y": -2.7694922418918879, "_k": 0, "is_interface": true, "qx": 0.135951722720068}, "20": {"type": "_origin", "z": 1.2292444446101278, "qy": 0.08560000331800427, "x": -4.7440454685717048, "qz": 0.10000000000000001, "y": -1.3975770855038534, "_k": 0, "is_interface": true, "qx": 0.18075574522531135}, "23": {"z": 6.8986410918818793e-17, "x": -3.3921688351571522, "y": -2.0227133925259397, "_k": 1, "type": "support"}, "24": {"type": "_origin", "z": 1.4907939777916341, "qy": 0.18049785657177841, "x": -2.9687426385171296, "qz": 0.10000000000000001, "y": -3.9364586199526221, "_k": 0, "is_interface": true, "qx": 0.086142462078778098}, "16": {"type": "_origin", "z": 1.2292444446101281, "qy": -0.085600003318004228, "x": -4.7440454685717048, "qz": 0.10000000000000001, "y": 1.397577085503853, "_k": 0, "is_interface": true, "qx": 0.18075574522531135}, "29": {"z": 1.1162472237670764e-16, "x": -2.1271637229425266e-09, "y": -3.9417401843908135, "_k": 1, "type": "support"}, "33": {"z": 8.1416022206022628e-17, "x": 2.5302450155640694, "y": -3.0176564505999686, "_k": 1, "type": "support"}, "7": {"z": 4.2752525530334922e-17, "x": 1.3365895032918256, "y": 3.704945541093438, "_k": 1, "type": "support"}, "18": {"type": "_origin", "z": 1.2000000000000002, "qy": 2.2680612289830223e-17, "x": -4.9518607381141617, "qz": 0.10000000000000001, "y": 0.0, "_k": 0, "is_interface": true, "qx": 0.20000000000000001}, "17": {"z": 2.8231976814457582e-17, "x": -3.8448360704614659, "y": 0.97174095307071051, "_k": 1, "type": "support"}, "34": {"type": "_origin", "z": 1.3325384224017613, "qy": 0.1466871809597409, "x": 4.0842938765646748, "qz": 0.10000000000000001, "y": -2.769492238967123, "_k": 0, "is_interface": true, "qx": -0.13595172283602827}, "25": {"z": 9.4669492358295447e-17, "x": -2.530245015687612, "y": -3.0176564505861769, "_k": 1, "type": "support"}, "6": {"type": "_origin", "z": 1.6299615775982383, "qy": -0.19578863779266265, "x": 1.5415827158265221, "qz": 0.10000000000000001, "y": 4.6880145547148029, "_k": 0, "is_interface": true, "qx": -0.040826576041759342}, "32": {"type": "_origin", "z": 1.4907939777916335, "qy": 0.18049785657247938, "x": 2.9687426383807871, "qz": 0.10000000000000001, "y": -3.9364586199588287, "_k": 0, "is_interface": true, "qx": -0.086142462077309231}, "28": {"type": "_origin", "z": 1.6849231551964772, "qy": 0.20000000000000001, "x": -2.4395395703535883e-09, "qz": 0.10000000000000001, "y": -4.9390947878885925, "_k": 0, "is_interface": true, "qx": 6.2640879445593756e-11}, "38": {"type": "_origin", "z": 1.2, "qy": -5.6701530732736728e-17, "x": 4.9518607377864434, "qz": 0.10000000000000001, "y": 7.7715611723760958e-16, "_k": 0, "is_interface": true, "qx": -0.20000000000000001}, "19": {"z": 2.5571215222329074e-17, "x": -3.9728545186718671, "y": 1.1102230246251565e-16, "_k": 1, "type": "support"}, "37": {"z": 3.1628244591460281e-17, "x": 3.8448360712196741, "y": -0.97174095172713992, "_k": 1, "type": "support"}, "4": {"type": "_origin", "z": 1.4907939777916335, "qy": -0.18049785657247941, "x": 2.968742638380788, "qz": 0.10000000000000001, "y": 3.9364586199588292, "_k": 0, "is_interface": true, "qx": -0.086142462077309245}, "12": {"type": "_origin", "z": 1.4907939777916341, "qy": -0.18049785657177844, "x": -2.9687426385171287, "qz": 0.10000000000000001, "y": 3.936458619952623, "_k": 0, "is_interface": true, "qx": 0.086142462078778029}, "39": {"z": 1.8354287842337465e-17, "x": 3.9728545184850592, "y": 4.9960036108132044e-16, "_k": 1, "type": "support"}, "2": {"type": "_origin", "z": 1.3325384224017613, "qy": -0.14668718095974076, "x": 4.0842938765646757, "qz": 0.10000000000000001, "y": 2.769492238967123, "_k": 0, "is_interface": true, "qx": -0.1359517228360283}, "27": {"z": 1.1561992477948094e-16, "x": -1.3365895056347545, "y": -3.704945540602373, "_k": 1, "type": "support"}, "5": {"z": 9.9218998938293212e-18, "x": 2.5302450155640699, "y": 3.0176564505999681, "_k": 1, "type": "support"}, "0": {"type": "_origin", "z": 1.2292444446101276, "qy": -0.085600003242576522, "x": 4.7440454697048562, "qz": 0.10000000000000001, "y": 1.3975770838784589, "_k": 0, "is_interface": true, "qx": -0.18075574526103144}, "8": {"type": "_origin", "z": 1.684923155196477, "qy": -0.20000000000000001, "x": -2.4395394038201346e-09, "qz": 0.10000000000000001, "y": 4.9390947878885934, "_k": 0, "is_interface": true, "qx": 6.2640834918881926e-11}, "11": {"z": 7.6989240462305089e-17, "x": -1.3365895056347545, "y": 3.7049455406023735, "_k": 1, "type": "support"}, "26": {"type": "_origin", "z": 1.6299615775982388, "qy": 0.19578863777838709, "x": -1.5415827185226121, "qz": 0.10000000000000001, "y": -4.688014554197224, "_k": 0, "is_interface": true, "qx": 0.040826576110219441}, "15": {"z": 4.9899044727640701e-17, "x": -3.3921688351571513, "y": 2.0227133925259402, "_k": 1, "type": "support"}}, "adjacency": {"21": {"20": null}, "36": {"38": null, "34": null, "37": null}, "10": {"11": null, "8": null, "12": null}, "14": {"15": null, "16": null, "12": null}, "13": {"12": null}, "31": {"30": null}, "3": {"2": null}, "1": {"0": null}, "35": {"34": null}, "9": {"8": null}, "30": {"32": null, "28": null, "31": null}, "22": {"23": null, "24": null, "20": null}, "20": {"22": null, "21": null, "18": null}, "23": {"22": null}, "24": {"22": null, "26": null, "25": null}, "16": {"14": null, "17": null, "18": null}, "29": {"28": null}, "33": {"32": null}, "7": {"6": null}, "18": {"19": null, "20": null, "16": null}, "17": {"16": null}, "34": {"35": null, "32": null, "36": null}, "25": {"24": null}, "6": {"8": null, "7": null, "4": null}, "32": {"30": null, "33": null, "34": null}, "28": {"29": null, "30": null, "26": null}, "38": {"0": null, "36": null, "39": null}, "19": {"18": null}, "37": {"36": null}, "4": {"2": null, "6": null, "5": null}, "12": {"10": null, "14": null, "13": null}, "39": {"38": null}, "2": {"3": null, "0": null, "4": null}, "27": {"26": null}, "5": {"4": null}, "0": {"1": null, "2": null, "38": null}, "8": {"10": null, "6": null, "9": null}, "11": {"10": null}, "26": {"24": null, "27": null, "28": null}, "15": {"14": null}}, "max_node": 39, "dna": {"qx": 0.0, "qy": 0.0, "z": 0.0, "rx": 0.0, "rz": 0.0, "x": 0.0,