{"node": {"21": {"z": 4.417830839596195e-17, "x": -3.8813009613836926, "y": 0.85679725662198303, "_k": 1, "type": "support"}, "36": {"type": "_origin", "z": 1.6517942134449732, "qy": 0.49231181729701656, "x": 1.2549857679451966, "qz": 0.40000000000000002, "y": -4.7962822374821226, "_k": 0, "is_interface": true, "qx": -0.087344573670657621}, "10": {"type": "_origin", "z": 1.6898732434036243, "qy": -0.5, "x": 4.9373743982172869e-10, "qz": 0.40000000000000002, "y": 4.9604673207942014, "_k": 0, "is_interface": true, "qx": -3.3730158811518319e-11}, "14": {"type": "_origin", "z": 1.5496469465273213, "qy": -0.46574520584368889, "x": -2.4716774271489363, "qz": 0.40000000000000002, "y": 4.2928487499111281, "_k": 0, "is_interface": true, "qx": 0.18188293826970098}, "13": {"z": 7.6248728413848115e-17, "x": -1.0801280936604614, "y": 3.8107087231023553, "_k": 1, "type": "support"}, "31": {"z": 8.5867470209883423e-17, "x": -2.1045093002288366, "y": -3.3526462412070379, "_k": 1, "type": "support"}, "45": {"z": 3.5151007843991832e-17, "x": 3.8813009617647727, "y": -0.85679725501737691, "_k": 1, "type": "support"}, "3": {"z": 5.9535456179747678e-18, "x": 3.5590714530387664, "y": 1.7528673619651163, "_k": 1, "type": "support"}, "1": {"z": 1.9428301251959506e-19, "x": 3.8813009617647736, "y": 0.85679725501737691, "_k": 1, "type": "support"}, "35": {"z": 1.0111278591959648e-16, "x": 4.2644471287545116e-10, "y": -3.9629886353174291, "_k": 1, "type": "support"}, "9": {"z": -5.0897343840548483e-17, "x": 1.0801280954916381, "y": 3.8107087224229135, "_k": 1, "type": "support"}, "30": {"type": "_origin", "z": 1.5496469465273215, "qy": 0.46574520584368889, "x": -2.4716774271489372, "qz": 0.40000000000000002, "y": -4.2928487499111272, "_k": 0, "is_interface": true, "qx": 0.18188293826970106}, "22": {"type": "_origin", "z": 1.2000000000000002, "qy": -7.036695487979598e-17, "x": -4.9641407957114874, "qz": 0.40000000000000002, "y": 1.1102230246251565e-16, "_k": 0, "is_interface": true, "qx": 0.5}, "20": {"type": "_origin", "z": 1.2198433083961024, "qy": -0.17391722171232427, "x": -4.8130570831327297, "qz": 0.40000000000000002, "y": 1.2024799484482518, "_k": 0, "is_interface": true, "qx": 0.46877798582257063}, "23": {"z": 4.7303134519870425e-17, "x": -3.9780395901441068, "y": -2.7755575615628914e-17, "_k": 1, "type": "support"}, "44": {"type": "_origin", "z": 1.2198433083961022, "qy": 0.17391722141660668, "x": 4.8130570837159627, "qz": 0.40000000000000002, "y": -1.2024799462499656, "_k": 0, "is_interface": true, "qx": -0.4687779859322822}, "24": {"type": "_origin", "z": 1.2198433083961024, "qy": 0.17391722171232402, "x": -4.8130570831327288, "qz": 0.40000000000000002, "y": -1.2024799484482505, "_k": 0, "is_interface": true, "qx": 0.4687779858225708}, "16": {"type": "_origin", "z": 1.4158624781589246, "qy": -0.41102777341263641, "x": -3.5405762971317563, "qz": 0.40000000000000002, "y": 3.4631955075628422, "_k": 0, "is_interface": true, "qx": 0.28470365203743064}, "29": {"z": 8.0084412859981987e-17, "x": -2.9626125891412984, "y": -2.6287870470159529, "_k": 1, "type": "support"}, "33": {"z": 9.2323383251555719e-17, "x": -1.0801280936604629, "y": -3.8107087231023558, "_k": 1, "type": "support"}, "7": {"z": -3.8619975711886919e-17, "x": 2.1045092998475727, "y": 3.3526462421051688, "_k": 1, "type": "support"}, "18": {"type": "_origin", "z": 1.2929164317708666, "qy": -0.31580940945761504, "x": -4.3411182498200098, "qz": 0.40000000000000002, "y": 2.3899998247314498, "_k": 0, "is_interface": true, "qx": 0.3876395450647836}, "17": {"z": 2.379344725124543e-17, "x": -2.962612589141298, "y": 2.6287870470159547, "_k": 1, "type": "support"}, "34": {"type": "_origin", "z": 1.6898732434036248, "qy": 0.5, "x": 4.9373449773071343e-10, "qz": 0.40000000000000002, "y": -4.9604673207942014, "_k": 0, "is_interface": true, "qx": -3.3729936205653991e-11}, "42": {"type": "_origin", "z": 1.2929164317708666, "qy": 0.31580940922750783, "x": 4.3411182510492612, "qz": 0.40000000000000002, "y": -2.3899998225019825, "_k": 0, "is_interface": true, "qx": -0.38763954525225164}, "43": {"z": 7.2884659344399432e-17, "x": 3.5590714530387659, "y": -1.7528673619651172, "_k": 1, "type": "support"}, "25": {"z": 6.3884785670374223e-17, "x": -3.8813009613836926, "y": -0.85679725662198258, "_k": 1, "type": "support"}, "6": {"type": "_origin", "z": 1.549646946527321, "qy": -0.46574520588368634, "x": 2.4716774265872079, "qz": 0.40000000000000002, "y": 4.2928487509573277, "_k": 0, "is_interface": true, "qx": -0.1818829381672801}, "32": {"type": "_origin", "z": 1.651794213444973, "qy": 0.4923118173257966, "x": -1.2549857657894257, "qz": 0.40000000000000002, "y": -4.7962822382200256, "_k": 0, "is_interface": true, "qx": 0.087344573508441034}, "46": {"type": "_origin", "z": 1.2, "qy": -2.5332103754333174e-16, "x": 4.9641407959538437, "qz": 0.40000000000000002, "y": 1.4988010832439613e-15, "_k": 0, "is_interface": true, "qx": -0.5}, "41": {"z": 9.6427619121838345e-17, "x": 2.9626125879207077, "y": -2.6287870476825259, "_k": 1, "type": "support"}, "28": {"type": "_origin", "z": 1.4158624781589246, "qy": 0.41102777341263658, "x": -3.5405762971317571, "qz": 0.40000000000000002, "y": -3.4631955075628422, "_k": 0, "is_interface": true, "qx": 0.28470365203743037}, "38": {"type": "_origin", "z": 1.5496469465273215, "qy": 0.46574520588368634, "x": 2.4716774265872079, "qz": 0.40000000000000002, "y": -4.2928487509573268, "_k": 0, "is_interface": true, "qx": -0.18188293816728004}, "19": {"z": 3.9302520472013697e-17, "x": -3.559071452166878, "y": 1.7528673637133698, "_k": 1, "type": "support"}, "37": {"z": 1.1744616272734342e-16, "x": 1.0801280954916375, "y": -3.8107087224229126, "_k": 1, "type": "support"}, "4": {"type": "_origin", "z": 1.4158624781589246, "qy": -0.41102777346985175, "x": 3.5405762956751867, "qz": 0.40000000000000002, "y": 3.4631955082469688, "_k": 0, "is_interface": true, "qx": -0.28470365195482861}, "40": {"type": "_origin", "z": 1.4158624781589249, "qy": 0.41102777346985159, "x": 3.5405762956751863, "qz": 0.40000000000000002, "y": -3.4631955082469674, "_k": 0, "is_interface": true, "qx": -0.28470365195482888}, "12": {"type": "_origin", "z": 1.651794213444973, "qy": -0.4923118173257966, "x": -1.2549857657894239, "qz": 0.40000000000000002, "y": 4.7962822382200265, "_k": 0, "is_interface": true, "qx": 0.087344573508440812}, "39": {"z": 1.0591942341376831e-16, "x": 2.1045092998475732, "y": -3.3526462421051688, "_k": 1, "type": "support"}, "2": {"type": "_origin", "z": 1.2929164317708666, "qy": -0.31580940922750794, "x": 4.341118251049263, "qz": 0.40000000000000002, "y": 2.389999822501983, "_k": 0, "is_interface": true, "qx": -0.38763954525225164}, "27": {"z": 8.1233562620147968e-17, "x": -3.559071452166878, "y": -1.7528673637133687, "_k": 1, "type": "support"}, "5": {"z": -1.1509999288757932e-17, "x": 2.9626125879207077, "y": 2.6287870476825255, "_k": 1, "type": "support"}, "0": {"type": "_origin", "z": 1.2198433083961024, "qy": -0.17391722141660695, "x": 4.8130570837159645, "qz": 0.40000000000000002, "y": 1.2024799462499665, "_k": 0, "is_interface": true, "qx": -0.46877798593228215}, "8": {"type": "_origin", "z": 1.6517942134449726, "qy": -0.49231181729701656, "x": 1.2549857679451975, "qz": 0.40000000000000002, "y": 4.7962822374821226, "_k": 0, "is_interface": true, "qx": -0.087344573670657816}, "47": {"z": 6.2807664673103636e-18, "x": 3.9780395902932963, "y": 9.9920072216264089e-16, "_k": 1, "type": "support"}, "11": {"z": 6.7752648939777212e-18, "x": 4.2644721087725657e-10, "y": 3.9629886353174291, "_k": 1, "type": "support"}, "26": {"type": "_origin", "z": 1.2929164317708666, "qy": 0.31580940945761515, "x": -4.3411182498200098, "qz": 0.40000000000000002, "y": -2.3899998247314489, "_k": 0, "is_interface": true, "qx": 0.3876395450647836}, "15": {"z": 5.3311637652298526e-17, "x": -2.1045093002288358, "y": 3.3526462412070384, "_k": 1, "type": "support"}}, "adjacency": {"21": {"20": null}, "36": {"38": null, "34": null,